XY-IWX;03-10-2016;03-10-2016;03-10-2016;03-10-2016;false;;031016-HHN-TLS-5356-XY-IWX;TLS;HHN;advanced condition failed
XY-FBA;17-06-2012;17-06-2012;17-06-2012;17-06-2012;false;;170612-ADA-HHN-3233-XY-FBA;HHN;ADA;advanced condition failed
XY-JXR;25-02-2013;25-02-2013;25-02-2013;25-02-2013;false;;250213-FRA-EMA-4827-XY-JXR;EMA;FRA;advanced condition failed
XY-JXR;06-03-2014;06-03-2014;06-03-2014;06-03-2014;false;;060314-GOA-BHX-5263-XY-JXR;BHX;GOA;advanced condition failed
XY-ZMF;27-04-2015;27-04-2015;27-04-2015;27-04-2015;false;;270415-ZTH-LUX-7276-XY-ZMF;LUX;ZTH;advanced condition failed
XY-OZH;22-02-2015;22-02-2015;22-02-2015;22-02-2015;false;;220215-EMA-FRA-6543-XY-OZH;FRA;EMA;advanced condition failed
XY-LYP;20-04-2015;20-04-2015;20-04-2015;20-04-2015;false;;200415-SVO-SKG-3649-XY-LYP;SKG;SVO;advanced condition failed
XY-LYP;06-11-2016;06-11-2016;06-11-2016;06-11-2016;false;;061116-REU-BSL-6628-XY-LYP;BSL;REU;advanced condition failed
XY-YTM;25-06-2015;25-06-2015;25-06-2015;25-06-2015;false;;250615-VLC-MLA-3871-XY-YTM;MLA;VLC;advanced condition failed
XY-PZC;15-05-2016;15-05-2016;15-05-2016;15-05-2016;false;;150516-DUB-OST-7134-XY-PZC;OST;DUB;advanced condition failed
XY-NMY;20-12-2010;20-12-2010;20-12-2010;20-12-2010;false;;201210-LED-ADB-2113-XY-NMY;ADB;LED;advanced condition failed
XY-OFW;04-03-2016;04-03-2016;04-03-2016;04-03-2016;false;;040316-SXB-FSC-4836-XY-OFW;FSC;SXB;advanced condition failed
XY-OZH;13-04-2014;13-04-2014;13-04-2014;13-04-2014;false;;130414-SJJ-BRE-2357-XY-OZH;BRE;SJJ;advanced condition failed
XY-OFW;22-11-2011;22-11-2011;22-11-2011;22-11-2011;false;;221111-BTS-BOJ-4469-XY-OFW;BOJ;BTS;advanced condition failed
XY-CMJ;04-12-2015;04-12-2015;04-12-2015;04-12-2015;false;;041215-MLA-ADB-3482-XY-CMJ;ADB;MLA;advanced condition failed
XY-NMY;28-12-2010;28-12-2010;28-12-2010;28-12-2010;false;;281210-SKP-MXP-6152-XY-NMY;MXP;SKP;advanced condition failed
XY-MBJ;09-06-2012;09-06-2012;09-06-2012;09-06-2012;false;;090612-HAU-BER-7163-XY-MBJ;BER;HAU;advanced condition failed
XY-NHZ;22-05-2010;22-05-2010;22-05-2010;22-05-2010;false;;220510-BSL-CFU-4191-XY-NHZ;CFU;BSL;advanced condition failed
XY-IWX;08-02-2015;08-02-2015;08-02-2015;08-02-2015;false;;080215-LGW-BLQ-3467-XY-IWX;BLQ;LGW;advanced condition failed
XY-LYP;24-02-2012;24-02-2012;24-02-2012;24-02-2012;false;;240212-TMP-JER-7739-XY-LYP;JER;TMP;advanced condition failed
XY-OHF;30-05-2012;30-05-2012;30-05-2012;30-05-2012;false;;300512-KBP-DLM-9875-XY-OHF;DLM;KBP;advanced condition failed
XY-OHF;18-08-2015;18-08-2015;18-08-2015;18-08-2015;false;;180815-HAM-EVN-9342-XY-OHF;EVN;HAM;advanced condition failed
XY-NHZ;16-02-2010;16-02-2010;16-02-2010;16-02-2010;false;;160210-MLA-ACE-9293-XY-NHZ;ACE;MLA;advanced condition failed
XY-ZDY;13-07-2012;13-07-2012;13-07-2012;13-07-2012;false;;130712-DRS-PDL-2682-XY-ZDY;PDL;DRS;advanced condition failed
XY-MBJ;11-11-2016;11-11-2016;11-11-2016;11-11-2016;false;;111116-ADA-DUB-4468-XY-MBJ;DUB;ADA;advanced condition failed
XY-IWX;10-07-2012;10-07-2012;10-07-2012;10-07-2012;false;;100712-IBZ-HAU-4692-XY-IWX;HAU;IBZ;advanced condition failed
XY-OHF;13-05-2014;13-05-2014;13-05-2014;13-05-2014;false;;130514-AMS-LGW-2419-XY-OHF;LGW;AMS;advanced condition failed
XY-LYP;14-11-2010;14-11-2010;14-11-2010;14-11-2010;false;;141110-SOU-TSF-9823-XY-LYP;TSF;SOU;advanced condition failed
XY-IWX;02-08-2013;02-08-2013;02-08-2013;02-08-2013;false;;020813-TFN-CFU-4338-XY-IWX;CFU;TFN;advanced condition failed
XY-MBJ;05-04-2016;05-04-2016;05-04-2016;05-04-2016;false;;050416-BIA-AJA-1385-XY-MBJ;AJA;BIA;advanced condition failed
XY-LYP;11-07-2016;11-07-2016;11-07-2016;11-07-2016;false;;110716-BOJ-CAG-6955-XY-LYP;CAG;BOJ;advanced condition failed
XY-FBA;11-09-2015;11-09-2015;11-09-2015;11-09-2015;false;;110915-OLB-ZAD-6924-XY-FBA;ZAD;OLB;advanced condition failed
XY-IWX;05-10-2010;05-10-2010;05-10-2010;05-10-2010;false;;051010-DRS-TIV-2172-XY-IWX;TIV;DRS;advanced condition failed
XY-OZH;07-11-2010;07-11-2010;07-11-2010;07-11-2010;false;;071110-ADB-BIO-8323-XY-OZH;BIO;ADB;advanced condition failed
XY-OHF;26-02-2016;26-02-2016;26-02-2016;26-02-2016;false;;260216-AYT-KRK-3256-XY-OHF;KRK;AYT;advanced condition failed
XY-OFW;01-07-2010;01-07-2010;01-07-2010;01-07-2010;false;;010710-ANR-BLQ-4637-XY-OFW;BLQ;ANR;advanced condition failed
XY-PZC;19-02-2013;19-02-2013;19-02-2013;19-02-2013;false;;190213-TSF-FLR-2887-XY-PZC;FLR;TSF;advanced condition failed
XY-IWX;18-09-2016;18-09-2016;18-09-2016;18-09-2016;false;;180916-TSR-STR-5911-XY-IWX;STR;TSR;advanced condition failed
XY-NMY;31-07-2011;31-07-2011;31-07-2011;31-07-2011;false;;310711-BSL-BRS-9969-XY-NMY;BRS;BSL;advanced condition failed
XY-NHZ;10-10-2015;10-10-2015;10-10-2015;10-10-2015;false;;101015-BRU-OVB-6733-XY-NHZ;OVB;BRU;advanced condition failed
XY-OFW;13-08-2014;13-08-2014;13-08-2014;13-08-2014;false;;130814-AER-BHD-8186-XY-OFW;BHD;AER;advanced condition failed
XY-FBA;13-09-2014;13-09-2014;13-09-2014;13-09-2014;false;;130914-VCE-BCN-2367-XY-FBA;BCN;VCE;advanced condition failed
XY-JXR;25-05-2014;25-05-2014;25-05-2014;25-05-2014;false;;250514-VAA-BIA-7231-XY-JXR;BIA;VAA;advanced condition failed
XY-OZH;27-06-2012;27-06-2012;27-06-2012;27-06-2012;false;;270612-HUY-WMI-1934-XY-OZH;WMI;HUY;advanced condition failed
XY-CMJ;06-05-2011;06-05-2011;06-05-2011;06-05-2011;false;;060511-BVA-KEF-6226-XY-CMJ;KEF;BVA;advanced condition failed
XY-OHF;21-07-2015;21-07-2015;21-07-2015;21-07-2015;false;;210715-XRY-LBA-7481-XY-OHF;LBA;XRY;advanced condition failed
XY-YAZ;03-05-2014;03-05-2014;03-05-2014;03-05-2014;false;;030514-STN-BLL-9596-XY-YAZ;BLL;STN;advanced condition failed
XY-YAZ;05-11-2016;05-11-2016;05-11-2016;05-11-2016;false;;051116-TOS-SJJ-8126-XY-YAZ;SJJ;TOS;advanced condition failed
XY-IOO;06-10-2016;06-10-2016;06-10-2016;06-10-2016;false;;061016-HEL-PMO-2956-XY-IOO;PMO;HEL;advanced condition failed
XY-PZC;10-11-2016;10-11-2016;10-11-2016;10-11-2016;false;;101116-LNZ-RHO-5673-XY-PZC;RHO;LNZ;advanced condition failed
XY-IWX;13-01-2011;14-01-2011;14-01-2011;14-01-2011;false;;130111-BLL-LHR-4381-XY-IWX;LHR;BLL;advanced condition failed
XY-LYP;10-04-2015;10-04-2015;10-04-2015;10-04-2015;false;;100415-RMU-SKG-8824-XY-LYP;SKG;RMU;advanced condition failed
XY-IWX;30-09-2016;30-09-2016;30-09-2016;30-09-2016;false;;300916-JER-LCA-4142-XY-IWX;LCA;JER;advanced condition failed
XY-OHF;19-01-2015;19-01-2015;19-01-2015;19-01-2015;false;;190115-BHX-LGG-5713-XY-OHF;LGG;BHX;advanced condition failed
XY-IWX;02-01-2017;02-01-2017;02-01-2017;02-01-2017;false;;020117-AAR-BGY-4561-XY-IWX;BGY;AAR;advanced condition failed
XY-IOO;28-10-2013;28-10-2013;28-10-2013;28-10-2013;false;;281013-ZRH-RIX-2863-XY-IOO;RIX;ZRH;advanced condition failed
XY-OHF;16-05-2011;16-05-2011;16-05-2011;16-05-2011;false;;160511-RHO-BEG-9254-XY-OHF;BEG;RHO;advanced condition failed
XY-IOO;27-01-2013;27-01-2013;27-01-2013;27-01-2013;false;;270113-LYS-BRQ-8366-XY-IOO;BRQ;LYS;advanced condition failed
XY-PZC;28-12-2013;28-12-2013;28-12-2013;28-12-2013;false;;281213-SCQ-GOT-1852-XY-PZC;GOT;SCQ;advanced condition failed
XY-ZMF;23-09-2013;23-09-2013;23-09-2013;23-09-2013;false;;230913-HUY-LGW-2846-XY-ZMF;LGW;HUY;advanced condition failed
XY-OHF;26-09-2012;26-09-2012;26-09-2012;26-09-2012;false;;260912-MLA-FSC-2728-XY-OHF;FSC;MLA;advanced condition failed
XY-ZWJ;20-10-2010;20-10-2010;20-10-2010;20-10-2010;false;;201010-ANR-BLL-4244-XY-ZWJ;BLL;ANR;advanced condition failed
XY-JXR;17-09-2011;17-09-2011;17-09-2011;17-09-2011;false;;170911-OVB-DSA-5169-XY-JXR;DSA;OVB;advanced condition failed
XY-OHF;24-02-2011;24-02-2011;24-02-2011;24-02-2011;false;;240211-FMM-AMS-8567-XY-OHF;AMS;FMM;advanced condition failed
XY-CMJ;23-07-2012;23-07-2012;23-07-2012;23-07-2012;false;;230712-BOJ-XRY-5155-XY-CMJ;XRY;BOJ;advanced condition failed
XY-YTM;07-08-2013;07-08-2013;07-08-2013;07-08-2013;false;;070813-ORY-LGW-9476-XY-YTM;LGW;ORY;advanced condition failed
XY-ALV;10-09-2010;10-09-2010;10-09-2010;10-09-2010;false;;100910-CHQ-GRO-4955-XY-ALV;GRO;CHQ;advanced condition failed
XY-MBJ;24-03-2011;24-03-2011;24-03-2011;24-03-2011;false;;240311-DUB-SPC-1169-XY-MBJ;SPC;DUB;advanced condition failed
XY-ALV;24-09-2011;24-09-2011;24-09-2011;24-09-2011;false;;240911-LPA-TZX-2217-XY-ALV;TZX;LPA;advanced condition failed
XY-IOO;27-08-2011;27-08-2011;27-08-2011;27-08-2011;false;;270811-MUC-PMI-4521-XY-IOO;PMI;MUC;advanced condition failed
XY-ALV;25-11-2010;25-11-2010;25-11-2010;25-11-2010;false;;251110-ACE-BHD-1742-XY-ALV;BHD;ACE;advanced condition failed
XY-IWX;02-07-2014;02-07-2014;02-07-2014;02-07-2014;false;;020714-RHO-TLL-4943-XY-IWX;TLL;RHO;advanced condition failed
XY-ZDY;10-02-2016;10-02-2016;10-02-2016;10-02-2016;false;;100216-VAR-RIX-3294-XY-ZDY;RIX;VAR;advanced condition failed
XY-IOO;13-03-2015;13-03-2015;13-03-2015;13-03-2015;false;;130315-MAD-WAW-1927-XY-IOO;WAW;MAD;advanced condition failed
XY-OFW;19-05-2013;19-05-2013;19-05-2013;19-05-2013;false;;190513-FUE-PSR-3329-XY-OFW;PSR;FUE;advanced condition failed
XY-LQZ;14-03-2014;14-03-2014;14-03-2014;14-03-2014;false;;140314-LJU-LEJ-9994-XY-LQZ;LEJ;LJU;advanced condition failed
XY-IWX;07-06-2013;07-06-2013;07-06-2013;07-06-2013;false;;070613-CLJ-ATH-7856-XY-IWX;ATH;CLJ;advanced condition failed
XY-JXR;04-01-2010;04-01-2010;04-01-2010;04-01-2010;false;;040110-VNO-TIA-8811-XY-JXR;TIA;VNO;advanced condition failed
XY-LYP;07-11-2016;07-11-2016;07-11-2016;07-11-2016;false;;071116-SKP-KSC-4631-XY-LYP;KSC;SKP;advanced condition failed
XY-YAZ;16-10-2013;16-10-2013;16-10-2013;16-10-2013;false;;161013-BGO-GVA-7958-XY-YAZ;GVA;BGO;advanced condition failed
XY-FBA;21-10-2011;21-10-2011;21-10-2011;21-10-2011;false;;211011-KSC-GVA-3144-XY-FBA;GVA;KSC;advanced condition failed
XY-PZC;05-11-2011;05-11-2011;05-11-2011;05-11-2011;false;;051111-NAP-RMU-2569-XY-PZC;RMU;NAP;advanced condition failed
XY-CMJ;13-04-2014;13-04-2014;13-04-2014;13-04-2014;false;;130414-MAN-PEG-5135-XY-CMJ;PEG;MAN;advanced condition failed
XY-JXR;24-02-2012;24-02-2012;24-02-2012;24-02-2012;false;;240212-OST-AOI-1829-XY-JXR;AOI;OST;advanced condition failed
XY-NMY;03-09-2013;03-09-2013;03-09-2013;03-09-2013;false;;030913-FSC-JER-1626-XY-NMY;JER;FSC;advanced condition failed
XY-IWX;13-05-2014;13-05-2014;13-05-2014;13-05-2014;false;;130514-FDH-TLN-9765-XY-IWX;TLN;FDH;advanced condition failed
XY-ZMF;13-03-2010;13-03-2010;13-03-2010;13-03-2010;false;;130310-IST-SKP-6757-XY-ZMF;SKP;IST;advanced condition failed
XY-MBJ;11-03-2011;11-03-2011;11-03-2011;11-03-2011;false;;110311-NTE-GYD-6853-XY-MBJ;GYD;NTE;advanced condition failed
XY-OHF;10-03-2013;10-03-2013;10-03-2013;10-03-2013;false;;100313-LED-SVO-3483-XY-OHF;SVO;LED;advanced condition failed
XY-LQZ;10-02-2010;10-02-2010;10-02-2010;10-02-2010;false;;100210-LIN-TGD-8342-XY-LQZ;TGD;LIN;advanced condition failed
XY-ALV;27-01-2015;27-01-2015;27-01-2015;27-01-2015;false;;270115-BES-FMO-7572-XY-ALV;FMO;BES;advanced condition failed
XY-ZWJ;03-05-2013;03-05-2013;03-05-2013;03-05-2013;false;;030513-VCE-KLU-8866-XY-ZWJ;KLU;VCE;advanced condition failed
XY-NMY;01-11-2011;01-11-2011;01-11-2011;01-11-2011;false;;011111-ABZ-LIS-6867-XY-NMY;LIS;ABZ;advanced condition failed
XY-ALV;29-10-2014;29-10-2014;29-10-2014;29-10-2014;false;;291014-TMP-BGY-4236-XY-ALV;BGY;TMP;advanced condition failed
XY-ALV;10-07-2012;10-07-2012;10-07-2012;10-07-2012;false;;100712-AYT-BLQ-8589-XY-ALV;BLQ;AYT;advanced condition failed
XY-LQZ;25-01-2014;25-01-2014;25-01-2014;25-01-2014;false;;250114-SUF-OSL-8485-XY-LQZ;OSL;SUF;advanced condition failed
XY-OZH;08-08-2011;08-08-2011;08-08-2011;08-08-2011;false;;080811-LJU-TBS-2392-XY-OZH;TBS;LJU;advanced condition failed
XY-JXR;20-02-2014;20-02-2014;20-02-2014;20-02-2014;false;;200214-DLM-PFO-4626-XY-JXR;PFO;DLM;advanced condition failed
XY-LQZ;19-03-2014;19-03-2014;19-03-2014;19-03-2014;false;;190314-RUN-SDR-1231-XY-LQZ;SDR;RUN;advanced condition failed
XY-ZWJ;20-07-2011;20-07-2011;20-07-2011;20-07-2011;false;;200711-RVN-TLL-4773-XY-ZWJ;TLL;RVN;advanced condition failed
XY-ZMF;09-04-2011;09-04-2011;09-04-2011;09-04-2011;false;;090411-SUF-CRL-3445-XY-ZMF;CRL;SUF;advanced condition failed
XY-ZWJ;21-02-2010;21-02-2010;21-02-2010;21-02-2010;false;;210210-PIK-KGS-9494-XY-ZWJ;KGS;PIK;advanced condition failed
XY-NMY;02-03-2013;02-03-2013;02-03-2013;02-03-2013;false;;020313-RIX-LTN-6369-XY-NMY;LTN;RIX;advanced condition failed
XY-ZDY;24-06-2013;24-06-2013;24-06-2013;24-06-2013;false;;240613-LCY-TLS-3567-XY-ZDY;TLS;LCY;advanced condition failed
XY-ZDY;24-02-2012;24-02-2012;24-02-2012;24-02-2012;false;;240212-POZ-RIX-6726-XY-ZDY;RIX;POZ;advanced condition failed
XY-ALV;04-08-2010;04-08-2010;04-08-2010;04-08-2010;false;;040810-RIX-KIR-8796-XY-ALV;KIR;RIX;advanced condition failed
XY-YTM;06-01-2013;06-01-2013;06-01-2013;06-01-2013;false;;060113-KRK-INN-8568-XY-YTM;INN;KRK;advanced condition failed
XY-CMJ;18-07-2014;18-07-2014;18-07-2014;18-07-2014;false;;180714-FNC-LPL-2959-XY-CMJ;LPL;FNC;advanced condition failed
XY-YTM;01-11-2016;01-11-2016;01-11-2016;01-11-2016;false;;011116-AGP-ZAD-8877-XY-YTM;ZAD;AGP;advanced condition failed
XY-OFW;26-07-2014;26-07-2014;26-07-2014;26-07-2014;false;;260714-MXP-BEG-1147-XY-OFW;BEG;MXP;advanced condition failed
XY-NMY;09-11-2012;09-11-2012;09-11-2012;09-11-2012;false;;091112-LPL-AAL-9197-XY-NMY;AAL;LPL;advanced condition failed
XY-PZC;05-06-2010;05-06-2010;05-06-2010;05-06-2010;false;;050610-NCL-LPL-1176-XY-PZC;LPL;NCL;advanced condition failed
XY-IOO;30-06-2014;30-06-2014;30-06-2014;30-06-2014;false;;300614-HEL-SPC-9997-XY-IOO;SPC;HEL;advanced condition failed
XY-MBJ;25-07-2011;25-07-2011;25-07-2011;25-07-2011;false;;250711-SOU-EIN-2666-XY-MBJ;EIN;SOU;advanced condition failed
XY-IWX;14-03-2011;14-03-2011;14-03-2011;14-03-2011;false;;140311-ZAZ-PAD-4776-XY-IWX;PAD;ZAZ;advanced condition failed
XY-IWX;18-06-2010;18-06-2010;18-06-2010;18-06-2010;false;;180610-TRN-SEN-7855-XY-IWX;SEN;TRN;advanced condition failed
XY-JXR;24-11-2010;24-11-2010;24-11-2010;24-11-2010;false;;241110-OLB-FUE-9635-XY-JXR;FUE;OLB;advanced condition failed
XY-OZH;02-11-2012;02-11-2012;02-11-2012;02-11-2012;false;;021112-EXT-KEF-6147-XY-OZH;KEF;EXT;advanced condition failed
XY-JXR;16-10-2011;16-10-2011;16-10-2011;16-10-2011;false;;161011-TSE-TIA-8556-XY-JXR;TIA;TSE;advanced condition failed
XY-NHZ;31-01-2011;31-01-2011;31-01-2011;31-01-2011;false;;310111-CWL-SDR-9955-XY-NHZ;SDR;CWL;advanced condition failed
XY-LYP;19-11-2012;19-11-2012;19-11-2012;19-11-2012;false;;191112-LEJ-HUY-9668-XY-LYP;HUY;LEJ;advanced condition failed
XY-LQZ;08-05-2014;08-05-2014;08-05-2014;08-05-2014;false;;080514-LTN-LPL-4167-XY-LQZ;LPL;LTN;advanced condition failed
XY-PZC;03-12-2016;03-12-2016;03-12-2016;03-12-2016;false;;031216-RTM-TRF-5248-XY-PZC;TRF;RTM;advanced condition failed
XY-FBA;03-03-2016;03-03-2016;03-03-2016;03-03-2016;false;;030316-FCO-ZTH-1298-XY-FBA;ZTH;FCO;advanced condition failed
XY-OZH;08-06-2016;08-06-2016;08-06-2016;08-06-2016;false;;080616-NCL-OVB-6698-XY-OZH;OVB;NCL;advanced condition failed
XY-NMY;30-03-2016;30-03-2016;30-03-2016;30-03-2016;false;;300316-PDL-IEV-9548-XY-NMY;IEV;PDL;advanced condition failed
XY-YAZ;29-01-2013;29-01-2013;29-01-2013;29-01-2013;false;;290113-GRZ-BSL-8186-XY-YAZ;BSL;GRZ;advanced condition failed
XY-CMJ;13-09-2011;13-09-2011;13-09-2011;13-09-2011;false;;130911-OTP-FDH-6511-XY-CMJ;FDH;OTP;advanced condition failed
XY-CMJ;14-03-2012;14-03-2012;14-03-2012;14-03-2012;false;;140312-NYO-TRF-9258-XY-CMJ;TRF;NYO;advanced condition failed
XY-NHZ;28-07-2015;28-07-2015;28-07-2015;28-07-2015;false;;280715-AOI-RIX-4845-XY-NHZ;RIX;AOI;advanced condition failed
XY-NHZ;09-11-2016;09-11-2016;09-11-2016;09-11-2016;false;;091116-JMK-CLJ-2519-XY-NHZ;CLJ;JMK;advanced condition failed
XY-FBA;12-01-2012;12-01-2012;12-01-2012;12-01-2012;false;;120112-VAR-BIA-3191-XY-FBA;BIA;VAR;advanced condition failed
XY-IOO;15-09-2010;15-09-2010;15-09-2010;15-09-2010;false;;150910-MPL-DTM-7439-XY-IOO;DTM;MPL;advanced condition failed
XY-OHF;11-11-2012;11-11-2012;11-11-2012;11-11-2012;false;;111112-TIA-ADA-1674-XY-OHF;ADA;TIA;advanced condition failed
XY-OHF;26-11-2013;26-11-2013;26-11-2013;26-11-2013;false;;261113-TZL-KIR-8494-XY-OHF;KIR;TZL;advanced condition failed
XY-IWX;26-03-2010;26-03-2010;26-03-2010;26-03-2010;false;;260310-HAJ-RVN-8344-XY-IWX;RVN;HAJ;advanced condition failed
XY-YTM;06-04-2011;06-04-2011;06-04-2011;06-04-2011;false;;060411-ORK-MLA-6595-XY-YTM;MLA;ORK;advanced condition failed
XY-ZDY;21-09-2011;22-09-2011;22-09-2011;22-09-2011;false;;210911-SXF-JTR-1577-XY-ZDY;JTR;SXF;advanced condition failed
XY-LYP;07-02-2014;07-02-2014;07-02-2014;07-02-2014;false;;070214-CDG-XRY-7333-XY-LYP;XRY;CDG;advanced condition failed
XY-MBJ;03-10-2014;03-10-2014;03-10-2014;03-10-2014;false;;031014-TZL-VAA-5388-XY-MBJ;VAA;TZL;advanced condition failed
XY-JXR;22-07-2012;22-07-2012;22-07-2012;22-07-2012;false;;220712-RHO-INN-3378-XY-JXR;INN;RHO;advanced condition failed
XY-FBA;04-04-2014;04-04-2014;04-04-2014;04-04-2014;false;;040414-KRK-EXT-8666-XY-FBA;EXT;KRK;advanced condition failed
XY-NHZ;25-09-2014;25-09-2014;25-09-2014;25-09-2014;false;;250914-GRZ-NRN-5996-XY-NHZ;NRN;GRZ;advanced condition failed
XY-LQZ;22-10-2016;22-10-2016;22-10-2016;22-10-2016;false;;221016-AER-INI-3285-XY-LQZ;INI;AER;advanced condition failed
XY-CMJ;03-09-2010;03-09-2010;03-09-2010;03-09-2010;false;;030910-SOF-MAH-8656-XY-CMJ;MAH;SOF;advanced condition failed
XY-LQZ;15-11-2014;15-11-2014;15-11-2014;15-11-2014;false;;151114-TIV-BRN-4447-XY-LQZ;BRN;TIV;advanced condition failed
XY-OFW;22-08-2010;22-08-2010;22-08-2010;22-08-2010;false;;220810-ABZ-HAJ-4388-XY-OFW;HAJ;ABZ;advanced condition failed
XY-LQZ;30-12-2012;30-12-2012;30-12-2012;30-12-2012;false;;301212-LTN-FAO-6624-XY-LQZ;FAO;LTN;advanced condition failed
XY-IWX;24-04-2012;24-04-2012;24-04-2012;24-04-2012;false;;240412-AAR-SUF-9816-XY-IWX;SUF;AAR;advanced condition failed
XY-IOO;14-02-2011;14-02-2011;14-02-2011;14-02-2011;false;;140211-GRQ-TIV-4454-XY-IOO;TIV;GRQ;advanced condition failed
XY-CMJ;30-04-2010;30-04-2010;30-04-2010;30-04-2010;false;;300410-PUY-LUX-9159-XY-CMJ;LUX;PUY;advanced condition failed
XY-IWX;01-12-2014;01-12-2014;01-12-2014;01-12-2014;false;;011214-BFS-BDS-1247-XY-IWX;BDS;BFS;advanced condition failed
XY-JXR;20-08-2010;20-08-2010;20-08-2010;20-08-2010;false;;200810-LIN-STR-4385-XY-JXR;STR;LIN;advanced condition failed
XY-ZWJ;06-12-2013;06-12-2013;06-12-2013;06-12-2013;false;;061213-CDG-BIQ-8367-XY-ZWJ;BIQ;CDG;advanced condition failed
XY-NHZ;19-09-2011;19-09-2011;19-09-2011;19-09-2011;false;;190911-TSR-CAG-1181-XY-NHZ;CAG;TSR;advanced condition failed
XY-OHF;16-08-2015;16-08-2015;16-08-2015;16-08-2015;false;;160815-IBZ-DLM-7432-XY-OHF;DLM;IBZ;advanced condition failed
XY-NHZ;23-06-2010;23-06-2010;23-06-2010;23-06-2010;false;;230610-ABZ-JTR-2428-XY-NHZ;JTR;ABZ;advanced condition failed
XY-LQZ;13-03-2012;13-03-2012;13-03-2012;13-03-2012;false;;130312-LCY-ZAG-5234-XY-LQZ;ZAG;LCY;advanced condition failed
XY-IWX;01-06-2013;01-06-2013;01-06-2013;01-06-2013;false;;010613-CFU-AAL-5974-XY-IWX;AAL;CFU;advanced condition failed
XY-OZH;20-11-2011;20-11-2011;20-11-2011;20-11-2011;false;;201111-ALA-BER-9442-XY-OZH;BER;ALA;advanced condition failed
XY-NHZ;19-10-2015;19-10-2015;19-10-2015;19-10-2015;false;;191015-BRI-LUG-2578-XY-NHZ;LUG;BRI;advanced condition failed
XY-NMY;11-07-2010;11-07-2010;11-07-2010;11-07-2010;false;;110710-OVD-LBA-5967-XY-NMY;LBA;OVD;advanced condition failed
XY-OFW;26-02-2013;26-02-2013;26-02-2013;26-02-2013;false;;260213-BSL-KLU-3362-XY-OFW;KLU;BSL;advanced condition failed
XY-LYP;06-08-2015;06-08-2015;06-08-2015;06-08-2015;false;;060815-AAL-AGP-3253-XY-LYP;AGP;AAL;advanced condition failed
XY-YTM;27-08-2012;27-08-2012;27-08-2012;27-08-2012;false;;270812-ZAG-BOO-1455-XY-YTM;BOO;ZAG;advanced condition failed
XY-LQZ;01-11-2015;01-11-2015;01-11-2015;01-11-2015;false;;011115-SUF-RTM-7821-XY-LQZ;RTM;SUF;advanced condition failed
XY-CMJ;24-01-2013;24-01-2013;24-01-2013;24-01-2013;false;;240113-LPL-HAM-7154-XY-CMJ;HAM;LPL;advanced condition failed
XY-OZH;21-07-2014;21-07-2014;21-07-2014;21-07-2014;false;;210714-MAD-KRK-2826-XY-OZH;KRK;MAD;advanced condition failed
XY-OHF;21-03-2014;21-03-2014;21-03-2014;21-03-2014;false;;210314-STR-BFS-1351-XY-OHF;BFS;STR;advanced condition failed
XY-JXR;20-06-2014;20-06-2014;20-06-2014;20-06-2014;false;;200614-CLJ-SVO-3142-XY-JXR;SVO;CLJ;advanced condition failed
XY-YTM;08-12-2015;08-12-2015;08-12-2015;08-12-2015;false;;081215-VCE-NRN-3282-XY-YTM;NRN;VCE;advanced condition failed
XY-LYP;09-12-2015;09-12-2015;09-12-2015;09-12-2015;false;;091215-RIX-TIV-8521-XY-LYP;TIV;RIX;advanced condition failed
XY-ZDY;28-01-2011;28-01-2011;28-01-2011;28-01-2011;false;;280111-BIA-CHQ-5993-XY-ZDY;CHQ;BIA;advanced condition failed
XY-ZMF;03-08-2013;03-08-2013;03-08-2013;03-08-2013;false;;030813-OPO-TZL-2969-XY-ZMF;TZL;OPO;advanced condition failed
XY-ZWJ;20-09-2013;20-09-2013;20-09-2013;20-09-2013;false;;200913-BIA-TIV-4236-XY-ZWJ;TIV;BIA;advanced condition failed
XY-CMJ;21-12-2011;21-12-2011;21-12-2011;21-12-2011;false;;211211-TSF-ESB-8517-XY-CMJ;ESB;TSF;advanced condition failed
XY-LYP;18-08-2012;18-08-2012;18-08-2012;18-08-2012;false;;180812-BIA-BGO-6826-XY-LYP;BGO;BIA;advanced condition failed
XY-OZH;22-07-2014;22-07-2014;22-07-2014;22-07-2014;false;;220714-SVG-POZ-5146-XY-OZH;POZ;SVG;advanced condition failed
XY-MBJ;17-04-2016;17-04-2016;17-04-2016;17-04-2016;false;;170416-RIX-BRE-5547-XY-MBJ;BRE;RIX;advanced condition failed
XY-IWX;11-12-2015;11-12-2015;11-12-2015;11-12-2015;false;;111215-SKP-TMP-1119-XY-IWX;TMP;SKP;advanced condition failed
XY-CMJ;24-04-2016;24-04-2016;24-04-2016;24-04-2016;false;;240416-DBV-LPA-2166-XY-CMJ;LPA;DBV;advanced condition failed
XY-CMJ;23-11-2014;23-11-2014;23-11-2014;23-11-2014;false;;231114-FAO-SOU-6775-XY-CMJ;SOU;FAO;advanced condition failed
XY-LQZ;19-11-2015;19-11-2015;19-11-2015;19-11-2015;false;;191115-LTN-FDH-3197-XY-LQZ;FDH;LTN;advanced condition failed
XY-MBJ;30-11-2012;30-11-2012;30-11-2012;30-11-2012;false;;301112-ARN-IAS-2371-XY-MBJ;IAS;ARN;advanced condition failed
XY-NHZ;16-03-2013;16-03-2013;16-03-2013;16-03-2013;false;;160313-PRN-LEI-7711-XY-NHZ;LEI;PRN;advanced condition failed
XY-IOO;06-09-2014;06-09-2014;06-09-2014;06-09-2014;false;;060914-BTS-ADA-3868-XY-IOO;ADA;BTS;advanced condition failed
XY-ZDY;25-10-2011;25-10-2011;25-10-2011;25-10-2011;false;;251011-LTN-SZG-4351-XY-ZDY;SZG;LTN;advanced condition failed
XY-JXR;19-11-2013;19-11-2013;19-11-2013;19-11-2013;false;;191113-BRN-CFU-3567-XY-JXR;CFU;BRN;advanced condition failed
XY-CMJ;03-01-2017;03-01-2017;03-01-2017;03-01-2017;false;;030117-SAW-PUY-2882-XY-CMJ;PUY;SAW;advanced condition failed
XY-FBA;07-10-2013;07-10-2013;07-10-2013;07-10-2013;false;;071013-LYS-KLU-4472-XY-FBA;KLU;LYS;advanced condition failed
XY-OZH;28-07-2015;28-07-2015;28-07-2015;28-07-2015;false;;280715-OSL-TOS-8296-XY-OZH;TOS;OSL;advanced condition failed
XY-OZH;20-10-2013;20-10-2013;20-10-2013;20-10-2013;false;;201013-GYD-ORY-3898-XY-OZH;ORY;GYD;advanced condition failed
XY-IWX;29-01-2010;29-01-2010;29-01-2010;29-01-2010;false;;290110-ADA-FUE-7231-XY-IWX;FUE;ADA;advanced condition failed
XY-MBJ;31-12-2016;31-12-2016;31-12-2016;31-12-2016;false;;311216-KIR-RMU-1246-XY-MBJ;RMU;KIR;advanced condition failed
XY-YTM;24-07-2012;24-07-2012;24-07-2012;24-07-2012;false;;240712-JER-EGC-1724-XY-YTM;EGC;JER;advanced condition failed
XY-ALV;17-05-2015;17-05-2015;17-05-2015;17-05-2015;false;;170515-BOJ-AYT-3793-XY-ALV;AYT;BOJ;advanced condition failed
XY-OFW;07-03-2016;07-03-2016;07-03-2016;07-03-2016;false;;070316-OLB-LIS-9886-XY-OFW;LIS;OLB;advanced condition failed
XY-IWX;07-12-2013;07-12-2013;07-12-2013;07-12-2013;false;;071213-NCE-AGP-8418-XY-IWX;AGP;NCE;advanced condition failed
XY-MBJ;05-10-2010;05-10-2010;05-10-2010;05-10-2010;false;;051010-TRD-VAA-9322-XY-MBJ;VAA;TRD;advanced condition failed
XY-ALV;12-03-2015;12-03-2015;12-03-2015;12-03-2015;false;;120315-BSL-AES-3871-XY-ALV;AES;BSL;advanced condition failed
XY-ZMF;02-09-2016;02-09-2016;02-09-2016;02-09-2016;false;;020916-SCQ-BRE-8147-XY-ZMF;BRE;SCQ;advanced condition failed
XY-ZMF;19-11-2012;19-11-2012;19-11-2012;19-11-2012;false;;191112-ALA-KBP-5921-XY-ZMF;KBP;ALA;advanced condition failed
XY-NHZ;24-01-2011;24-01-2011;24-01-2011;24-01-2011;false;;240111-ZRH-GDN-6397-XY-NHZ;GDN;ZRH;advanced condition failed
XY-IWX;30-06-2015;30-06-2015;30-06-2015;30-06-2015;false;;300615-PDL-AYT-6373-XY-IWX;AYT;PDL;advanced condition failed
XY-JXR;27-07-2010;27-07-2010;27-07-2010;27-07-2010;false;;270710-ARN-TRD-6316-XY-JXR;TRD;ARN;advanced condition failed
XY-FBA;25-06-2011;25-06-2011;25-06-2011;25-06-2011;false;;250611-PMO-KGS-5382-XY-FBA;KGS;PMO;advanced condition failed
XY-FBA;20-12-2013;20-12-2013;20-12-2013;20-12-2013;false;;201213-EMA-CDG-1455-XY-FBA;CDG;EMA;advanced condition failed
XY-OFW;30-09-2015;30-09-2015;30-09-2015;30-09-2015;false;;300915-BRQ-KIR-5964-XY-OFW;KIR;BRQ;advanced condition failed
XY-IOO;31-10-2014;31-10-2014;31-10-2014;31-10-2014;false;;311014-SOF-ODS-1722-XY-IOO;ODS;SOF;advanced condition failed
XY-IOO;10-01-2015;10-01-2015;10-01-2015;10-01-2015;false;;100115-ALA-FRA-3372-XY-IOO;FRA;ALA;advanced condition failed
XY-LQZ;27-11-2010;27-11-2010;27-11-2010;27-11-2010;false;;271110-MSQ-TRD-8364-XY-LQZ;TRD;MSQ;advanced condition failed
XY-NHZ;31-05-2015;31-05-2015;31-05-2015;31-05-2015;false;;310515-PIK-NRN-1897-XY-NHZ;NRN;PIK;advanced condition failed
XY-OFW;09-09-2016;09-09-2016;09-09-2016;09-09-2016;false;;090916-BEG-NYO-9455-XY-OFW;NYO;BEG;advanced condition failed
XY-CMJ;11-05-2015;11-05-2015;11-05-2015;11-05-2015;false;;110515-LIS-CLJ-3976-XY-CMJ;CLJ;LIS;advanced condition failed
XY-IWX;09-03-2010;09-03-2010;09-03-2010;09-03-2010;false;;090310-NTE-DTM-1964-XY-IWX;DTM;NTE;advanced condition failed
XY-NMY;14-12-2011;14-12-2011;14-12-2011;14-12-2011;false;;141211-JER-PUY-3256-XY-NMY;PUY;JER;advanced condition failed
XY-NMY;05-02-2013;05-02-2013;05-02-2013;05-02-2013;false;;050213-LWO-SDR-4887-XY-NMY;SDR;LWO;advanced condition failed
XY-ZMF;15-12-2014;15-12-2014;15-12-2014;15-12-2014;false;;151214-ZAD-LJU-8792-XY-ZMF;LJU;ZAD;advanced condition failed
XY-ZWJ;24-04-2015;24-04-2015;24-04-2015;24-04-2015;false;;240415-NTE-HAM-9488-XY-ZWJ;HAM;NTE;advanced condition failed
XY-ZDY;04-02-2013;04-02-2013;04-02-2013;04-02-2013;false;;040213-IBZ-LBA-9622-XY-ZDY;LBA;IBZ;advanced condition failed
XY-FBA;23-12-2010;23-12-2010;23-12-2010;23-12-2010;false;;231210-VRN-BRQ-8439-XY-FBA;BRQ;VRN;advanced condition failed
XY-LQZ;18-10-2016;18-10-2016;18-10-2016;18-10-2016;false;;181016-FNC-KRS-9516-XY-LQZ;KRS;FNC;advanced condition failed
XY-NMY;11-12-2013;11-12-2013;11-12-2013;11-12-2013;false;;111213-FAE-RNS-7142-XY-NMY;RNS;FAE;advanced condition failed
XY-OZH;27-10-2015;27-10-2015;27-10-2015;27-10-2015;false;;271015-AMS-STN-7146-XY-OZH;STN;AMS;advanced condition failed
XY-IWX;31-03-2012;31-03-2012;31-03-2012;31-03-2012;false;;310312-IAS-SUF-7629-XY-IWX;SUF;IAS;advanced condition failed
XY-ZDY;21-04-2010;21-04-2010;21-04-2010;21-04-2010;false;;210410-BTS-NCL-8358-XY-ZDY;NCL;BTS;advanced condition failed
XY-NMY;04-05-2010;05-05-2010;05-05-2010;05-05-2010;false;;040510-KTW-BLQ-2892-XY-NMY;BLQ;KTW;advanced condition failed
XY-MBJ;24-05-2010;24-05-2010;24-05-2010;24-05-2010;false;;240510-SVO-GLA-7494-XY-MBJ;GLA;SVO;advanced condition failed
XY-ZMF;22-07-2010;22-07-2010;23-07-2010;22-07-2010;false;;220710-ADB-OVB-9362-XY-ZMF;OVB;ADB;advanced condition failed
XY-PZC;11-11-2012;11-11-2012;11-11-2012;11-11-2012;false;;111112-BRS-AOI-6529-XY-PZC;AOI;BRS;advanced condition failed
XY-FBA;13-05-2015;13-05-2015;13-05-2015;13-05-2015;false;;130515-LCY-SXB-6524-XY-FBA;SXB;LCY;advanced condition failed
XY-OZH;16-04-2011;16-04-2011;16-04-2011;16-04-2011;false;;160411-AAR-EDI-3633-XY-OZH;EDI;AAR;advanced condition failed
XY-ZMF;10-12-2013;10-12-2013;10-12-2013;10-12-2013;false;;101213-MSQ-BHX-5749-XY-ZMF;BHX;MSQ;advanced condition failed
XY-ALV;22-09-2014;22-09-2014;22-09-2014;22-09-2014;false;;220914-SVQ-MAD-9377-XY-ALV;MAD;SVQ;advanced condition failed
XY-ZWJ;05-09-2016;05-09-2016;05-09-2016;05-09-2016;false;;050916-GOA-PSA-9227-XY-ZWJ;PSA;GOA;advanced condition failed
XY-YAZ;21-05-2012;21-05-2012;21-05-2012;21-05-2012;false;;210512-RUN-HER-5625-XY-YAZ;HER;RUN;advanced condition failed
XY-ZDY;10-12-2016;10-12-2016;10-12-2016;10-12-2016;false;;101216-AAL-LJU-6387-XY-ZDY;LJU;AAL;advanced condition failed
XY-JXR;22-12-2012;22-12-2012;22-12-2012;22-12-2012;false;;221212-ARN-BCN-4516-XY-JXR;BCN;ARN;advanced condition failed
XY-LQZ;19-02-2012;19-02-2012;19-02-2012;19-02-2012;false;;190212-BRU-STR-2922-XY-LQZ;STR;BRU;advanced condition failed
XY-CMJ;07-10-2011;07-10-2011;07-10-2011;07-10-2011;false;;071011-ESB-TPS-9967-XY-CMJ;TPS;ESB;advanced condition failed
XY-ALV;24-08-2013;24-08-2013;24-08-2013;24-08-2013;false;;240813-CWL-FMO-9444-XY-ALV;FMO;CWL;advanced condition failed
XY-LQZ;12-05-2010;12-05-2010;12-05-2010;12-05-2010;false;;120510-EVN-LUX-2994-XY-LQZ;LUX;EVN;advanced condition failed
XY-YTM;01-02-2010;01-02-2010;01-02-2010;01-02-2010;false;;010210-SDR-GRQ-5895-XY-YTM;GRQ;SDR;advanced condition failed
XY-IOO;23-06-2010;24-06-2010;24-06-2010;24-06-2010;false;;230610-DLM-KLU-8939-XY-IOO;KLU;DLM;advanced condition failed
XY-FBA;12-08-2014;12-08-2014;12-08-2014;12-08-2014;false;;120814-CFU-NOC-6879-XY-FBA;NOC;CFU;advanced condition failed
XY-OHF;18-09-2013;18-09-2013;18-09-2013;18-09-2013;false;;180913-GOA-PMI-7324-XY-OHF;PMI;GOA;advanced condition failed
XY-NHZ;07-07-2011;07-07-2011;07-07-2011;07-07-2011;false;;070711-FMO-LPL-2691-XY-NHZ;LPL;FMO;advanced condition failed
XY-JXR;03-04-2014;03-04-2014;03-04-2014;03-04-2014;false;;030414-OVB-NRN-5431-XY-JXR;NRN;OVB;advanced condition failed
XY-PZC;04-11-2015;04-11-2015;04-11-2015;04-11-2015;false;;041115-LIL-TFN-9492-XY-PZC;TFN;LIL;advanced condition failed
XY-CMJ;12-11-2013;12-11-2013;12-11-2013;12-11-2013;false;;121113-GRQ-ANR-3176-XY-CMJ;ANR;GRQ;advanced condition failed
XY-ZDY;08-04-2013;08-04-2013;08-04-2013;08-04-2013;false;;080413-LJU-BOO-1432-XY-ZDY;BOO;LJU;advanced condition failed
XY-OHF;14-01-2014;14-01-2014;15-01-2014;14-01-2014;false;;140114-GDN-RUN-5911-XY-OHF;RUN;GDN;advanced condition failed
XY-OHF;10-02-2016;10-02-2016;10-02-2016;10-02-2016;false;;100216-AER-LWO-4617-XY-OHF;LWO;AER;advanced condition failed
XY-OZH;22-07-2010;22-07-2010;22-07-2010;22-07-2010;false;;220710-LCA-SVG-9185-XY-OZH;SVG;LCA;advanced condition failed
XY-JXR;01-10-2016;01-10-2016;01-10-2016;01-10-2016;false;;011016-WAW-BES-7736-XY-JXR;BES;WAW;advanced condition failed
XY-NMY;24-04-2010;24-04-2010;24-04-2010;24-04-2010;false;;240410-PUY-LIS-7931-XY-NMY;LIS;PUY;advanced condition failed
XY-FBA;10-04-2012;10-04-2012;10-04-2012;10-04-2012;false;;100412-MRS-OSL-2678-XY-FBA;OSL;MRS;advanced condition failed
XY-ALV;16-06-2014;16-06-2014;16-06-2014;16-06-2014;false;;160614-NOC-VKO-9797-XY-ALV;VKO;NOC;advanced condition failed
XY-MBJ;16-04-2013;16-04-2013;16-04-2013;16-04-2013;false;;160413-FAE-ATH-1952-XY-MBJ;ATH;FAE;advanced condition failed
XY-YAZ;05-10-2015;05-10-2015;05-10-2015;05-10-2015;false;;051015-SPU-MXP-1645-XY-YAZ;MXP;SPU;advanced condition failed
XY-MBJ;01-07-2011;01-07-2011;01-07-2011;01-07-2011;false;;010711-BIQ-BLL-2931-XY-MBJ;BLL;BIQ;advanced condition failed
XY-NMY;30-07-2016;30-07-2016;30-07-2016;30-07-2016;false;;300716-BIQ-DEB-7365-XY-NMY;DEB;BIQ;advanced condition failed
XY-IWX;20-02-2013;20-02-2013;20-02-2013;20-02-2013;false;;200213-DBV-PMI-7127-XY-IWX;PMI;DBV;advanced condition failed
XY-YAZ;21-02-2014;21-02-2014;21-02-2014;21-02-2014;false;;210214-SVQ-BRS-6839-XY-YAZ;BRS;SVQ;advanced condition failed
XY-OZH;16-05-2014;16-05-2014;16-05-2014;16-05-2014;false;;160514-FMO-SOU-2486-XY-OZH;SOU;FMO;advanced condition failed
XY-CMJ;09-09-2011;09-09-2011;09-09-2011;09-09-2011;false;;090911-LGW-EMA-6968-XY-CMJ;EMA;LGW;advanced condition failed
XY-CMJ;12-12-2013;12-12-2013;12-12-2013;12-12-2013;false;;121213-CTA-AHO-1373-XY-CMJ;AHO;CTA;advanced condition failed
XY-NMY;04-06-2010;04-06-2010;04-06-2010;04-06-2010;false;;040610-CFU-KLU-8896-XY-NMY;KLU;CFU;advanced condition failed
XY-IOO;11-11-2010;11-11-2010;11-11-2010;11-11-2010;false;;111110-CFU-RTM-9648-XY-IOO;RTM;CFU;advanced condition failed
XY-YTM;05-05-2013;05-05-2013;05-05-2013;05-05-2013;false;;050513-SKG-TGD-4827-XY-YTM;TGD;SKG;advanced condition failed
XY-LYP;21-11-2013;22-11-2013;22-11-2013;22-11-2013;false;;211113-TIA-FMM-5365-XY-LYP;FMM;TIA;advanced condition failed
XY-LQZ;06-10-2016;06-10-2016;06-10-2016;06-10-2016;false;;061016-IEV-LIS-6711-XY-LQZ;LIS;IEV;advanced condition failed
XY-JXR;06-02-2011;06-02-2011;06-02-2011;06-02-2011;false;;060211-TGD-IEV-1324-XY-JXR;IEV;TGD;advanced condition failed
XY-YAZ;25-01-2011;25-01-2011;25-01-2011;25-01-2011;false;;250111-TFS-SKP-9963-XY-YAZ;SKP;TFS;advanced condition failed
XY-NMY;21-07-2015;22-07-2015;22-07-2015;22-07-2015;false;;210715-SKG-FNC-8361-XY-NMY;FNC;SKG;advanced condition failed
XY-MBJ;09-04-2015;09-04-2015;09-04-2015;09-04-2015;false;;090415-DUS-KRK-4277-XY-MBJ;KRK;DUS;advanced condition failed
XY-ALV;23-12-2010;23-12-2010;23-12-2010;23-12-2010;false;;231210-AAR-HAU-6992-XY-ALV;HAU;AAR;advanced condition failed
XY-IWX;20-07-2010;20-07-2010;20-07-2010;20-07-2010;false;;200710-MAH-ZAZ-4178-XY-IWX;ZAZ;MAH;advanced condition failed
XY-NHZ;04-05-2013;04-05-2013;04-05-2013;04-05-2013;false;;040513-TFN-BRE-7472-XY-NHZ;BRE;TFN;advanced condition failed
XY-YTM;20-05-2012;20-05-2012;20-05-2012;20-05-2012;false;;200512-CGN-BSL-1951-XY-YTM;BSL;CGN;advanced condition failed
XY-NMY;22-12-2010;22-12-2010;22-12-2010;22-12-2010;false;;221210-LUX-TOS-1439-XY-NMY;TOS;LUX;advanced condition failed
XY-IOO;17-04-2013;17-04-2013;17-04-2013;17-04-2013;false;;170413-SPU-GOT-6726-XY-IOO;GOT;SPU;advanced condition failed
XY-OFW;21-02-2013;21-02-2013;21-02-2013;21-02-2013;false;;210213-TPS-LBA-3534-XY-OFW;LBA;TPS;advanced condition failed
XY-LQZ;08-03-2011;08-03-2011;08-03-2011;08-03-2011;false;;080311-AAR-TFS-5848-XY-LQZ;TFS;AAR;advanced condition failed
XY-FBA;18-03-2011;18-03-2011;19-03-2011;18-03-2011;false;;180311-ALC-SXB-7578-XY-FBA;SXB;ALC;advanced condition failed
XY-JXR;14-11-2016;14-11-2016;14-11-2016;14-11-2016;false;;141116-BRQ-NYO-2811-XY-JXR;NYO;BRQ;advanced condition failed
XY-ZMF;10-01-2010;10-01-2010;10-01-2010;10-01-2010;false;;100110-HAM-OVB-9391-XY-ZMF;OVB;HAM;advanced condition failed
XY-OZH;19-09-2016;19-09-2016;19-09-2016;19-09-2016;false;;190916-NCE-LTN-3738-XY-OZH;LTN;NCE;advanced condition failed
XY-IWX;30-08-2013;30-08-2013;30-08-2013;30-08-2013;false;;300813-CFU-LCA-6611-XY-IWX;LCA;CFU;advanced condition failed
XY-NHZ;24-12-2011;24-12-2011;24-12-2011;24-12-2011;false;;241211-AER-BDS-2198-XY-NHZ;BDS;AER;advanced condition failed
XY-ALV;27-03-2014;27-03-2014;27-03-2014;27-03-2014;false;;270314-BRQ-ORK-7442-XY-ALV;ORK;BRQ;advanced condition failed
XY-JXR;07-04-2013;07-04-2013;07-04-2013;07-04-2013;false;;070413-BGY-TFS-2559-XY-JXR;TFS;BGY;advanced condition failed
XY-NMY;30-05-2012;30-05-2012;30-05-2012;30-05-2012;false;;300512-BRU-LJU-6862-XY-NMY;LJU;BRU;advanced condition failed
XY-ZMF;06-05-2013;06-05-2013;06-05-2013;06-05-2013;false;;060513-PUY-MAN-3574-XY-ZMF;MAN;PUY;advanced condition failed
XY-NMY;15-05-2013;15-05-2013;15-05-2013;15-05-2013;false;;150513-OUL-AOI-1311-XY-NMY;AOI;OUL;advanced condition failed
XY-ZWJ;04-10-2014;04-10-2014;04-10-2014;04-10-2014;false;;041014-SNN-RMU-9841-XY-ZWJ;RMU;SNN;advanced condition failed
XY-FBA;17-10-2014;17-10-2014;17-10-2014;17-10-2014;false;;171014-IBZ-LCA-5579-XY-FBA;LCA;IBZ;advanced condition failed
XY-FBA;19-02-2013;19-02-2013;19-02-2013;19-02-2013;false;;190213-CLJ-KBP-6876-XY-FBA;KBP;CLJ;advanced condition failed
XY-LQZ;03-11-2015;03-11-2015;03-11-2015;03-11-2015;false;;031115-LCY-CGN-8488-XY-LQZ;CGN;LCY;advanced condition failed
XY-NMY;06-11-2011;06-11-2011;06-11-2011;06-11-2011;false;;061111-CTA-JTR-5274-XY-NMY;JTR;CTA;advanced condition failed
XY-NHZ;23-02-2013;23-02-2013;23-02-2013;23-02-2013;false;;230213-BOJ-DTM-5621-XY-NHZ;DTM;BOJ;advanced condition failed
XY-ZWJ;18-02-2011;18-02-2011;18-02-2011;18-02-2011;false;;180211-LYS-CAG-1275-XY-ZWJ;CAG;LYS;advanced condition failed
XY-IOO;02-02-2011;02-02-2011;02-02-2011;02-02-2011;false;;020211-KEF-OSL-9764-XY-IOO;OSL;KEF;advanced condition failed
XY-JXR;01-11-2012;01-11-2012;01-11-2012;01-11-2012;false;;011112-PFO-LTN-3668-XY-JXR;LTN;PFO;advanced condition failed
XY-LQZ;14-07-2011;14-07-2011;14-07-2011;14-07-2011;false;;140711-SXB-LEI-5219-XY-LQZ;LEI;SXB;advanced condition failed
XY-MBJ;04-05-2010;04-05-2010;04-05-2010;04-05-2010;false;;040510-BDS-TSF-1366-XY-MBJ;TSF;BDS;advanced condition failed
XY-NMY;06-04-2010;06-04-2010;06-04-2010;06-04-2010;false;;060410-TZX-RVN-2214-XY-NMY;RVN;TZX;advanced condition failed
XY-YAZ;13-04-2015;13-04-2015;13-04-2015;13-04-2015;false;;130415-HAU-SDR-5932-XY-YAZ;SDR;HAU;advanced condition failed
XY-OHF;28-04-2012;28-04-2012;28-04-2012;28-04-2012;false;;280412-PEG-ZTH-9735-XY-OHF;ZTH;PEG;advanced condition failed
XY-NMY;03-11-2010;03-11-2010;03-11-2010;03-11-2010;false;;031110-RUN-MXP-7463-XY-NMY;MXP;RUN;advanced condition failed
XY-NMY;02-01-2016;02-01-2016;02-01-2016;02-01-2016;false;;020116-PEG-LWO-1159-XY-NMY;LWO;PEG;advanced condition failed
XY-OZH;13-03-2015;13-03-2015;13-03-2015;13-03-2015;false;;130315-SVG-CPH-6631-XY-OZH;CPH;SVG;advanced condition failed
XY-IOO;30-08-2013;30-08-2013;30-08-2013;30-08-2013;false;;300813-BRS-FAO-6394-XY-IOO;FAO;BRS;advanced condition failed
XY-FBA;24-06-2013;24-06-2013;24-06-2013;24-06-2013;false;;240613-KGS-BIO-5872-XY-FBA;BIO;KGS;advanced condition failed
XY-NHZ;14-07-2015;14-07-2015;14-07-2015;14-07-2015;false;;140715-BRS-TRF-3579-XY-NHZ;TRF;BRS;advanced condition failed
XY-PZC;29-04-2015;29-04-2015;29-04-2015;29-04-2015;false;;290415-ZRH-TKU-9197-XY-PZC;TKU;ZRH;advanced condition failed
XY-CMJ;07-05-2012;07-05-2012;07-05-2012;07-05-2012;false;;070512-NYO-AJA-7329-XY-CMJ;AJA;NYO;advanced condition failed
XY-JXR;10-11-2016;10-11-2016;10-11-2016;10-11-2016;false;;101116-ARN-TFS-2755-XY-JXR;TFS;ARN;advanced condition failed
XY-MBJ;24-11-2014;24-11-2014;24-11-2014;24-11-2014;false;;241114-BER-OTP-4549-XY-MBJ;OTP;BER;advanced condition failed
XY-LQZ;06-09-2016;06-09-2016;06-09-2016;06-09-2016;false;;060916-TFS-NCE-6255-XY-LQZ;NCE;TFS;advanced condition failed
XY-ZWJ;04-06-2012;04-06-2012;04-06-2012;04-06-2012;false;85;040612-ZAD-OVD-4463-XY-ZWJ;OVD;ZAD;advanced condition failed
XY-OZH;20-09-2011;20-09-2011;20-09-2011;20-09-2011;false;81;200911-LPL-PDL-9348-XY-OZH;PDL;LPL;advanced condition failed
XY-NHZ;19-04-2013;19-04-2013;19-04-2013;19-04-2013;false;;190413-VCE-JER-3465-XY-NHZ;JER;VCE;advanced condition failed
XY-OZH;21-10-2015;21-10-2015;21-10-2015;21-10-2015;false;;211015-HAM-LTN-7792-XY-OZH;LTN;HAM;advanced condition failed
XY-IOO;11-10-2013;11-10-2013;11-10-2013;11-10-2013;false;92;111013-PRN-HAJ-6354-XY-IOO;HAJ;PRN;advanced condition failed
XY-ZMF;31-10-2010;31-10-2010;31-10-2010;31-10-2010;false;09;311010-ZRH-MSQ-7747-XY-ZMF;MSQ;ZRH;advanced condition failed
XY-NMY;19-06-2015;19-06-2015;19-06-2015;19-06-2015;false;71;190615-VNO-IEV-6715-XY-NMY;IEV;VNO;advanced condition failed
XY-IOO;18-12-2011;18-12-2011;18-12-2011;18-12-2011;false;87;181211-SDR-BGY-2155-XY-IOO;BGY;SDR;advanced condition failed
XY-ZMF;28-07-2013;28-07-2013;28-07-2013;28-07-2013;false;;280713-BRN-VKO-8983-XY-ZMF;VKO;BRN;advanced condition failed
XY-ZWJ;19-11-2010;19-11-2010;19-11-2010;19-11-2010;false;;191110-TRF-RIX-5896-XY-ZWJ;RIX;TRF;advanced condition failed
XY-ZMF;03-08-2011;03-08-2011;03-08-2011;03-08-2011;false;84;030811-RMU-IEV-7261-XY-ZMF;IEV;RMU;advanced condition failed
XY-IOO;28-10-2011;28-10-2011;28-10-2011;28-10-2011;false;61;281011-GOA-PRN-6446-XY-IOO;PRN;GOA;advanced condition failed
XY-ZWJ;28-10-2016;28-10-2016;28-10-2016;28-10-2016;false;;281016-STN-RTM-9859-XY-ZWJ;RTM;STN;advanced condition failed
XY-ZDY;24-12-2010;24-12-2010;24-12-2010;24-12-2010;false;03;241210-SZG-HER-5489-XY-ZDY;HER;SZG;advanced condition failed
XY-ZDY;31-07-2015;31-07-2015;31-07-2015;31-07-2015;false;;310715-CPH-KEF-5758-XY-ZDY;KEF;CPH;advanced condition failed
XY-MBJ;25-06-2013;25-06-2013;25-06-2013;25-06-2013;false;;250613-AYT-WMI-7724-XY-MBJ;WMI;AYT;advanced condition failed
XY-CMJ;10-04-2012;10-04-2012;10-04-2012;10-04-2012;false;;100412-JTR-BLL-5484-XY-CMJ;BLL;JTR;advanced condition failed
XY-ZDY;22-01-2013;22-01-2013;22-01-2013;22-01-2013;false;01;220113-PMI-KIV-5388-XY-ZDY;KIV;PMI;advanced condition failed
XY-FBA;02-02-2013;02-02-2013;02-02-2013;02-02-2013;false;75;020213-RIX-LIL-7234-XY-FBA;LIL;RIX;advanced condition failed
XY-OZH;22-02-2014;22-02-2014;22-02-2014;22-02-2014;false;93;220214-PFO-NYO-3542-XY-OZH;NYO;PFO;advanced condition failed
XY-FBA;12-05-2014;12-05-2014;12-05-2014;12-05-2014;false;;120514-BIO-NUE-1391-XY-FBA;NUE;BIO;advanced condition failed
XY-MBJ;14-10-2013;14-10-2013;14-10-2013;14-10-2013;false;39;141013-ODS-SOF-3893-XY-MBJ;SOF;ODS;advanced condition failed
XY-JXR;31-01-2013;31-01-2013;31-01-2013;31-01-2013;false;;310113-INN-FMM-5766-XY-JXR;FMM;INN;advanced condition failed
XY-OHF;28-08-2013;28-08-2013;28-08-2013;28-08-2013;false;36;280813-RHO-LBA-7146-XY-OHF;LBA;RHO;advanced condition failed
XY-ALV;15-12-2012;15-12-2012;15-12-2012;15-12-2012;false;06;151212-BIA-VAA-7335-XY-ALV;VAA;BIA;advanced condition failed
XY-YAZ;01-10-2013;01-10-2013;01-10-2013;01-10-2013;false;;011013-HAM-GDN-6918-XY-YAZ;GDN;HAM;advanced condition failed
XY-IWX;04-03-2010;04-03-2010;04-03-2010;04-03-2010;false;88;040310-PFO-AES-9132-XY-IWX;AES;PFO;advanced condition failed
XY-CMJ;20-06-2010;20-06-2010;20-06-2010;20-06-2010;false;;200610-CIY-POZ-9436-XY-CMJ;POZ;CIY;advanced condition failed
XY-ZDY;02-09-2013;02-09-2013;02-09-2013;02-09-2013;false;;020913-MAD-SPU-3344-XY-ZDY;SPU;MAD;advanced condition failed
XY-YAZ;12-01-2014;12-01-2014;12-01-2014;12-01-2014;false;05;120114-VAR-NYO-6694-XY-YAZ;NYO;VAR;advanced condition failed
XY-ZDY;01-05-2015;01-05-2015;01-05-2015;01-05-2015;false;;010515-FRA-PFO-5488-XY-ZDY;PFO;FRA;advanced condition failed
XY-OHF;14-11-2012;14-11-2012;14-11-2012;14-11-2012;false;17;141112-TRD-MAN-2569-XY-OHF;MAN;TRD;advanced condition failed
XY-NHZ;11-08-2015;11-08-2015;11-08-2015;11-08-2015;false;;110815-LHR-TSE-4717-XY-NHZ;TSE;LHR;advanced condition failed
XY-YTM;16-03-2013;16-03-2013;16-03-2013;16-03-2013;false;29;160313-SKP-CLJ-1353-XY-YTM;CLJ;SKP;advanced condition failed
XY-ALV;01-10-2013;01-10-2013;01-10-2013;01-10-2013;false;;011013-CPH-AYT-1942-XY-ALV;AYT;CPH;advanced condition failed
XY-IWX;08-01-2010;08-01-2010;08-01-2010;08-01-2010;false;62;080110-BOO-CIY-4886-XY-IWX;CIY;BOO;advanced condition failed
XY-OFW;19-08-2015;19-08-2015;19-08-2015;19-08-2015;false;;190815-VIE-SOF-5255-XY-OFW;SOF;VIE;advanced condition failed
XY-NHZ;14-09-2012;14-09-2012;14-09-2012;14-09-2012;false;;140912-BGO-LIN-9678-XY-NHZ;LIN;BGO;advanced condition failed
XY-PZC;26-12-2011;26-12-2011;26-12-2011;26-12-2011;false;58;261211-TFS-VKO-6526-XY-PZC;VKO;TFS;advanced condition failed
XY-OFW;27-04-2015;27-04-2015;27-04-2015;27-04-2015;false;;270415-AER-AJA-1595-XY-OFW;AJA;AER;advanced condition failed
XY-OFW;18-02-2011;18-02-2011;18-02-2011;18-02-2011;false;;180211-JMK-NTE-2473-XY-OFW;NTE;JMK;advanced condition failed
XY-ZDY;21-08-2011;21-08-2011;21-08-2011;21-08-2011;false;81;210811-LYS-TZX-2566-XY-ZDY;TZX;LYS;advanced condition failed
XY-YAZ;05-04-2013;05-04-2013;05-04-2013;05-04-2013;false;94;050413-HUY-DEB-9717-XY-YAZ;DEB;HUY;advanced condition failed
XY-JXR;16-06-2013;16-06-2013;16-06-2013;16-06-2013;false;81;160613-BER-TFN-7451-XY-JXR;TFN;BER;advanced condition failed
XY-PZC;20-07-2011;20-07-2011;20-07-2011;20-07-2011;false;;200711-FAE-BFS-1149-XY-PZC;BFS;FAE;advanced condition failed
XY-NMY;11-04-2015;11-04-2015;11-04-2015;11-04-2015;false;37;110415-SPU-LED-4922-XY-NMY;LED;SPU;advanced condition failed
XY-LQZ;11-04-2013;11-04-2013;11-04-2013;11-04-2013;false;26;110413-EGC-CPH-1174-XY-LQZ;CPH;EGC;advanced condition failed
XY-PZC;17-03-2016;17-03-2016;17-03-2016;17-03-2016;false;24;170316-BDS-REU-1169-XY-PZC;REU;BDS;advanced condition failed
XY-MBJ;29-11-2013;29-11-2013;29-11-2013;29-11-2013;false;55;291113-OPO-GRO-4954-XY-MBJ;GRO;OPO;advanced condition failed
XY-NMY;27-09-2013;27-09-2013;27-09-2013;27-09-2013;false;29;270913-PFO-ZAG-4499-XY-NMY;ZAG;PFO;advanced condition failed
XY-OZH;22-09-2012;22-09-2012;22-09-2012;22-09-2012;false;22;220912-MXP-TZX-8552-XY-OZH;TZX;MXP;advanced condition failed
XY-IWX;28-06-2015;28-06-2015;28-06-2015;28-06-2015;false;75;280615-TKU-CDG-8988-XY-IWX;CDG;TKU;advanced condition failed
XY-OZH;27-11-2013;27-11-2013;27-11-2013;27-11-2013;false;21;271113-BRN-LIN-9937-XY-OZH;LIN;BRN;advanced condition failed
XY-NHZ;11-08-2016;11-08-2016;11-08-2016;11-08-2016;false;;110816-MMX-AER-2262-XY-NHZ;AER;MMX;advanced condition failed
XY-JXR;01-03-2014;01-03-2014;01-03-2014;01-03-2014;false;12;010314-FAO-GLA-2559-XY-JXR;GLA;FAO;advanced condition failed
XY-PZC;09-08-2012;09-08-2012;09-08-2012;09-08-2012;false;89;090812-SJJ-VNO-8417-XY-PZC;VNO;SJJ;advanced condition failed
XY-ZDY;19-03-2010;19-03-2010;19-03-2010;19-03-2010;false;36;190310-ATH-TOS-2995-XY-ZDY;TOS;ATH;advanced condition failed
XY-ZMF;14-12-2012;14-12-2012;14-12-2012;14-12-2012;false;;141212-BDS-BRE-6638-XY-ZMF;BRE;BDS;advanced condition failed
XY-JXR;03-09-2012;03-09-2012;03-09-2012;03-09-2012;false;84;030912-RHO-BOJ-7483-XY-JXR;BOJ;RHO;advanced condition failed
XY-ALV;05-09-2013;06-09-2013;06-09-2013;06-09-2013;false;03;050913-KSC-LGG-5996-XY-ALV;LGG;KSC;advanced condition failed
XY-LYP;07-12-2016;07-12-2016;07-12-2016;07-12-2016;false;32;071216-PIK-NYO-7948-XY-LYP;NYO;PIK;advanced condition failed
XY-CMJ;21-11-2013;21-11-2013;21-11-2013;21-11-2013;false;06;211113-MPL-TLS-3386-XY-CMJ;TLS;MPL;advanced condition failed
XY-YAZ;13-10-2015;13-10-2015;13-10-2015;13-10-2015;false;76;131015-IAS-RTM-8461-XY-YAZ;RTM;IAS;advanced condition failed
XY-JXR;13-01-2013;13-01-2013;13-01-2013;13-01-2013;false;29;130113-KLU-VKO-8194-XY-JXR;VKO;KLU;advanced condition failed
XY-MBJ;11-01-2012;11-01-2012;11-01-2012;11-01-2012;false;46;110112-VLC-PIK-9454-XY-MBJ;PIK;VLC;advanced condition failed
XY-YTM;26-05-2014;26-05-2014;26-05-2014;26-05-2014;false;56;260514-FCO-LTN-3894-XY-YTM;LTN;FCO;advanced condition failed
XY-OHF;26-03-2015;26-03-2015;26-03-2015;26-03-2015;false;;260315-TSR-MPL-1635-XY-OHF;MPL;TSR;advanced condition failed
XY-LQZ;19-07-2011;19-07-2011;19-07-2011;19-07-2011;false;;190711-KGS-LIN-3345-XY-LQZ;LIN;KGS;advanced condition failed
XY-OZH;27-03-2016;27-03-2016;27-03-2016;27-03-2016;false;;270316-RTM-MPL-9886-XY-OZH;MPL;RTM;advanced condition failed
XY-OHF;27-07-2013;27-07-2013;27-07-2013;27-07-2013;false;;270713-LCY-NTE-3345-XY-OHF;NTE;LCY;advanced condition failed
XY-OZH;03-08-2010;03-08-2010;03-08-2010;03-08-2010;false;;030810-TOS-KRS-7687-XY-OZH;KRS;TOS;advanced condition failed
XY-ALV;28-05-2012;28-05-2012;28-05-2012;28-05-2012;false;99;280512-TLN-SKG-9235-XY-ALV;SKG;TLN;advanced condition failed
XY-ZMF;17-07-2015;17-07-2015;17-07-2015;17-07-2015;false;27;170715-SCQ-HAM-3915-XY-ZMF;HAM;SCQ;advanced condition failed
XY-OZH;07-08-2012;07-08-2012;07-08-2012;07-08-2012;false;;070812-TFS-PRN-6373-XY-OZH;PRN;TFS;advanced condition failed
XY-ZWJ;22-09-2010;22-09-2010;22-09-2010;22-09-2010;false;44;220910-TBS-NRN-1931-XY-ZWJ;NRN;TBS;advanced condition failed
XY-YAZ;26-11-2010;26-11-2010;26-11-2010;26-11-2010;false;;261110-AER-GRO-8566-XY-YAZ;GRO;AER;advanced condition failed
XY-YAZ;13-08-2011;13-08-2011;13-08-2011;13-08-2011;false;;130811-LGW-LIN-3235-XY-YAZ;LIN;LGW;advanced condition failed
XY-NMY;28-01-2015;28-01-2015;28-01-2015;28-01-2015;false;;280115-BOD-BHD-1767-XY-NMY;BHD;BOD;advanced condition failed
XY-ALV;23-07-2012;23-07-2012;23-07-2012;23-07-2012;false;85;230712-HAM-LJU-2184-XY-ALV;LJU;HAM;advanced condition failed
XY-NHZ;15-01-2015;15-01-2015;15-01-2015;15-01-2015;false;;150115-KRK-LCA-8289-XY-NHZ;LCA;KRK;advanced condition failed
XY-MBJ;20-01-2016;20-01-2016;20-01-2016;20-01-2016;false;08;200116-TIV-SPC-8857-XY-MBJ;SPC;TIV;advanced condition failed
XY-JXR;23-10-2014;23-10-2014;23-10-2014;23-10-2014;false;;231014-AOI-KIR-5536-XY-JXR;KIR;AOI;advanced condition failed
XY-FBA;19-09-2016;19-09-2016;19-09-2016;19-09-2016;false;16;190916-AHO-BVA-9799-XY-FBA;BVA;AHO;advanced condition failed
XY-JXR;07-05-2013;07-05-2013;07-05-2013;07-05-2013;false;16;070513-NYO-ZAD-1784-XY-JXR;ZAD;NYO;advanced condition failed
XY-LQZ;03-03-2013;03-03-2013;03-03-2013;03-03-2013;false;;030313-LPA-NCL-3575-XY-LQZ;NCL;LPA;advanced condition failed
XY-YTM;20-02-2011;20-02-2011;20-02-2011;20-02-2011;false;13;200211-SKG-FAO-4422-XY-YTM;FAO;SKG;advanced condition failed
XY-PZC;10-06-2013;10-06-2013;10-06-2013;10-06-2013;false;45;100613-LIN-BIQ-2299-XY-PZC;BIQ;LIN;advanced condition failed
XY-OFW;15-08-2011;15-08-2011;15-08-2011;15-08-2011;false;66;150811-FNC-ESB-2152-XY-OFW;ESB;FNC;advanced condition failed
XY-CMJ;23-08-2010;23-08-2010;23-08-2010;23-08-2010;false;48;230810-TMP-FCO-8934-XY-CMJ;FCO;TMP;advanced condition failed
XY-NMY;28-06-2015;28-06-2015;28-06-2015;28-06-2015;false;98;280615-TSF-JER-9247-XY-NMY;JER;TSF;advanced condition failed
XY-NHZ;26-03-2012;26-03-2012;26-03-2012;26-03-2012;false;44;260312-BVA-EIN-1534-XY-NHZ;EIN;BVA;advanced condition failed
XY-MBJ;05-07-2013;05-07-2013;05-07-2013;05-07-2013;false;88;050713-BHX-PRN-9597-XY-MBJ;PRN;BHX;advanced condition failed
XY-NMY;27-04-2012;27-04-2012;27-04-2012;27-04-2012;false;16;270412-SAW-NCE-8142-XY-NMY;NCE;SAW;advanced condition failed
XY-PZC;16-04-2014;16-04-2014;16-04-2014;16-04-2014;false;37;160414-KEF-TBS-3712-XY-PZC;TBS;KEF;advanced condition failed
XY-LYP;24-02-2011;24-02-2011;24-02-2011;24-02-2011;false;96;240211-INN-ACE-1432-XY-LYP;ACE;INN;advanced condition failed
XY-MBJ;07-02-2011;07-02-2011;07-02-2011;07-02-2011;false;66;070211-OPO-TXL-7358-XY-MBJ;TXL;OPO;advanced condition failed
XY-NHZ;26-12-2010;26-12-2010;26-12-2010;26-12-2010;false;29;261210-CWL-ZAG-7574-XY-NHZ;ZAG;CWL;advanced condition failed
XY-LYP;15-01-2011;15-01-2011;15-01-2011;15-01-2011;false;38;150111-BRN-ORK-4592-XY-LYP;ORK;BRN;advanced condition failed
XY-OFW;06-05-2010;06-05-2010;06-05-2010;06-05-2010;false;18;060510-BGY-BGO-7369-XY-OFW;BGO;BGY;advanced condition failed
XY-JXR;26-04-2013;26-04-2013;26-04-2013;26-04-2013;false;14;260413-LBA-NTE-5291-XY-JXR;NTE;LBA;advanced condition failed
XY-ALV;03-03-2015;03-03-2015;03-03-2015;03-03-2015;false;25;030315-DUB-TSR-7298-XY-ALV;TSR;DUB;advanced condition failed
XY-PZC;05-06-2016;05-06-2016;05-06-2016;05-06-2016;false;29;050616-BIO-CGN-5222-XY-PZC;CGN;BIO;advanced condition failed
XY-IOO;30-07-2015;30-07-2015;30-07-2015;30-07-2015;false;82;300715-KTW-TLS-2318-XY-IOO;TLS;KTW;advanced condition failed
XY-ZMF;01-06-2016;01-06-2016;01-06-2016;01-06-2016;false;96;010616-BRS-TRF-1256-XY-ZMF;TRF;BRS;advanced condition failed
XY-CMJ;31-10-2011;31-10-2011;31-10-2011;31-10-2011;false;33;311011-RUN-PMO-1589-XY-CMJ;PMO;RUN;advanced condition failed
XY-OHF;15-10-2016;15-10-2016;15-10-2016;15-10-2016;false;34;151016-LGG-LCY-2483-XY-OHF;LCY;LGG;advanced condition failed
XY-CMJ;11-12-2013;11-12-2013;11-12-2013;11-12-2013;false;36;111213-VNO-MPL-8722-XY-CMJ;MPL;VNO;advanced condition failed
XY-MBJ;25-11-2016;25-11-2016;25-11-2016;25-11-2016;false;19;251116-AER-BGO-1199-XY-MBJ;BGO;AER;advanced condition failed
XY-ALV;26-06-2015;26-06-2015;26-06-2015;26-06-2015;false;91;260615-PFO-PIK-2225-XY-ALV;PIK;PFO;advanced condition failed
XY-CMJ;30-04-2013;30-04-2013;30-04-2013;30-04-2013;false;98;300413-EIN-DSA-9124-XY-CMJ;DSA;EIN;advanced condition failed
XY-IWX;17-06-2013;18-06-2013;18-06-2013;18-06-2013;false;27;170613-GOA-GLA-1889-XY-IWX;GLA;GOA;advanced condition failed
XY-PZC;23-09-2012;23-09-2012;23-09-2012;23-09-2012;false;88;230912-MLA-SVQ-7512-XY-PZC;SVQ;MLA;advanced condition failed
XY-LYP;14-10-2012;14-10-2012;14-10-2012;14-10-2012;false;08;141012-FMO-TLN-1486-XY-LYP;TLN;FMO;advanced condition failed
XY-FBA;09-04-2013;09-04-2013;09-04-2013;09-04-2013;false;37;090413-OLB-TRD-4865-XY-FBA;TRD;OLB;advanced condition failed
XY-PZC;06-01-2014;06-01-2014;06-01-2014;06-01-2014;false;46;060114-LPA-KUN-4227-XY-PZC;KUN;LPA;advanced condition failed
XY-ZWJ;25-04-2016;25-04-2016;25-04-2016;25-04-2016;false;68;250416-BOO-CDG-6252-XY-ZWJ;CDG;BOO;advanced condition failed
XY-ZDY;04-04-2011;04-04-2011;04-04-2011;04-04-2011;false;02;040411-LIS-TLN-7237-XY-ZDY;TLN;LIS;advanced condition failed
XY-PZC;28-10-2015;28-10-2015;28-10-2015;28-10-2015;false;92;281015-TBS-LED-1198-XY-PZC;LED;TBS;advanced condition failed
XY-ZDY;07-08-2016;07-08-2016;07-08-2016;07-08-2016;false;05;070816-TRF-DME-3548-XY-ZDY;DME;TRF;advanced condition failed
XY-NHZ;29-11-2014;29-11-2014;29-11-2014;29-11-2014;false;64;291114-VCE-JTR-6191-XY-NHZ;JTR;VCE;advanced condition failed
XY-ZWJ;08-12-2011;08-12-2011;08-12-2011;08-12-2011;false;94;081211-LNZ-ZAD-7283-XY-ZWJ;ZAD;LNZ;advanced condition failed
XY-JXR;23-10-2010;23-10-2010;23-10-2010;23-10-2010;false;65;231010-FKB-BRQ-2833-XY-JXR;BRQ;FKB;advanced condition failed
XY-ZDY;10-09-2011;10-09-2011;10-09-2011;10-09-2011;false;13;100911-DBV-BSL-1834-XY-ZDY;BSL;DBV;advanced condition failed
XY-ZWJ;14-05-2012;14-05-2012;14-05-2012;14-05-2012;false;04;140512-FDH-PMO-5651-XY-ZWJ;PMO;FDH;advanced condition failed
XY-NHZ;02-08-2012;02-08-2012;02-08-2012;02-08-2012;false;41;020812-NUE-OUL-4488-XY-NHZ;OUL;NUE;advanced condition failed
XY-CMJ;26-04-2012;26-04-2012;26-04-2012;26-04-2012;false;68;260412-CIA-PUY-9616-XY-CMJ;PUY;CIA;advanced condition failed
XY-CMJ;06-04-2013;06-04-2013;06-04-2013;06-04-2013;false;08;060413-MMX-MLA-2862-XY-CMJ;MLA;MMX;advanced condition failed
XY-MBJ;08-05-2015;08-05-2015;08-05-2015;08-05-2015;false;06;080515-LHR-ALA-2495-XY-MBJ;ALA;LHR;advanced condition failed
XY-MBJ;15-02-2014;15-02-2014;15-02-2014;15-02-2014;false;76;150214-ESB-RNS-5286-XY-MBJ;RNS;ESB;advanced condition failed
XY-ZDY;09-02-2014;09-02-2014;09-02-2014;09-02-2014;false;11;090214-REU-BIQ-5123-XY-ZDY;BIQ;REU;advanced condition failed
XY-OHF;25-12-2014;25-12-2014;25-12-2014;25-12-2014;false;12;251214-SNN-ZAG-7319-XY-OHF;ZAG;SNN;advanced condition failed
XY-IWX;28-07-2016;28-07-2016;28-07-2016;28-07-2016;false;93;280716-EVN-ADB-8371-XY-IWX;ADB;EVN;advanced condition failed
XY-YTM;28-01-2012;28-01-2012;28-01-2012;28-01-2012;false;64;280112-BJV-IEV-5569-XY-YTM;IEV;BJV;advanced condition failed
XY-LQZ;12-08-2011;12-08-2011;12-08-2011;12-08-2011;false;07;120811-TIV-VST-9878-XY-LQZ;VST;TIV;advanced condition failed
XY-CMJ;07-08-2014;07-08-2014;07-08-2014;07-08-2014;false;12;070814-EVN-CGN-2519-XY-CMJ;CGN;EVN;advanced condition failed
XY-YAZ;16-10-2012;16-10-2012;16-10-2012;16-10-2012;false;06;161012-KRS-ALC-5533-XY-YAZ;ALC;KRS;advanced condition failed
XY-FBA;05-06-2013;05-06-2013;05-06-2013;05-06-2013;false;65;050613-BER-TZL-2127-XY-FBA;TZL;BER;advanced condition failed
XY-FBA;17-05-2010;17-05-2010;17-05-2010;17-05-2010;false;97;170510-REU-PSA-5946-XY-FBA;PSA;REU;advanced condition failed
XY-YAZ;11-06-2014;11-06-2014;11-06-2014;11-06-2014;false;13;110614-DBV-LUX-4169-XY-YAZ;LUX;DBV;advanced condition failed
XY-OFW;25-03-2011;25-03-2011;25-03-2011;25-03-2011;false;96;250311-ZTH-IST-1692-XY-OFW;IST;ZTH;advanced condition failed
XY-IWX;01-05-2010;01-05-2010;01-05-2010;01-05-2010;false;86;010510-KIV-XRY-7594-XY-IWX;XRY;KIV;advanced condition failed
XY-ZWJ;25-07-2011;25-07-2011;25-07-2011;25-07-2011;false;21;250711-NYO-MMX-6144-XY-ZWJ;MMX;NYO;advanced condition failed
XY-OFW;28-12-2012;28-12-2012;28-12-2012;28-12-2012;false;07;281212-NAP-HER-8817-XY-OFW;HER;NAP;advanced condition failed
XY-OFW;22-05-2013;22-05-2013;22-05-2013;22-05-2013;false;91;220513-CLJ-BLQ-5839-XY-OFW;BLQ;CLJ;advanced condition failed
XY-PZC;22-05-2013;22-05-2013;22-05-2013;22-05-2013;false;86;220513-SVG-VAR-1873-XY-PZC;VAR;SVG;advanced condition failed
XY-YTM;08-09-2016;08-09-2016;08-09-2016;08-09-2016;false;15;080916-ODS-MLA-7931-XY-YTM;MLA;ODS;advanced condition failed
XY-ZDY;13-02-2010;13-02-2010;13-02-2010;13-02-2010;false;37;130210-AJA-KIR-4551-XY-ZDY;KIR;AJA;advanced condition failed
XY-IOO;07-02-2016;07-02-2016;07-02-2016;07-02-2016;false;41;070216-FMM-AAR-1325-XY-IOO;AAR;FMM;advanced condition failed
XY-CMJ;07-07-2013;07-07-2013;07-07-2013;07-07-2013;false;47;070713-ORY-STN-3776-XY-CMJ;STN;ORY;advanced condition failed
XY-NMY;07-11-2015;07-11-2015;07-11-2015;07-11-2015;false;89;071115-ABZ-NOC-5796-XY-NMY;NOC;ABZ;advanced condition failed
XY-OHF;22-08-2013;22-08-2013;22-08-2013;22-08-2013;false;27;220813-GOA-LIN-3663-XY-OHF;LIN;GOA;advanced condition failed
XY-ZDY;30-10-2013;30-10-2013;30-10-2013;30-10-2013;false;35;301013-LPL-KRS-7337-XY-ZDY;KRS;LPL;advanced condition failed
XY-LQZ;04-05-2016;04-05-2016;04-05-2016;04-05-2016;false;21;040516-GLA-CRL-2832-XY-LQZ;CRL;GLA;advanced condition failed
XY-ALV;08-12-2015;08-12-2015;08-12-2015;08-12-2015;false;39;081215-BER-TSF-4938-XY-ALV;TSF;BER;advanced condition failed
XY-ZMF;09-04-2011;09-04-2011;09-04-2011;09-04-2011;false;02;090411-IBZ-GOT-6216-XY-ZMF;GOT;IBZ;advanced condition failed
XY-YAZ;25-03-2010;25-03-2010;25-03-2010;25-03-2010;false;29;250310-ESB-CFU-8335-XY-YAZ;CFU;ESB;advanced condition failed
XY-YAZ;11-09-2016;11-09-2016;11-09-2016;11-09-2016;false;31;110916-KTW-MXP-1477-XY-YAZ;MXP;KTW;advanced condition failed
XY-ALV;30-05-2012;30-05-2012;30-05-2012;30-05-2012;false;28;300512-FAO-BIA-9934-XY-ALV;BIA;FAO;advanced condition failed
XY-YAZ;15-07-2012;15-07-2012;15-07-2012;15-07-2012;false;62;150712-NOC-RMU-4321-XY-YAZ;RMU;NOC;advanced condition failed
XY-ZWJ;08-02-2015;08-02-2015;08-02-2015;08-02-2015;false;35;080215-AGP-NOC-3141-XY-ZWJ;NOC;AGP;advanced condition failed
XY-ALV;16-09-2016;16-09-2016;16-09-2016;16-09-2016;false;92;160916-TBS-PFO-7342-XY-ALV;PFO;TBS;advanced condition failed
XY-NMY;29-01-2013;29-01-2013;29-01-2013;29-01-2013;false;96;290113-OSL-RNS-3866-XY-NMY;RNS;OSL;advanced condition failed
XY-MBJ;07-01-2016;07-01-2016;07-01-2016;07-01-2016;false;29;070116-REU-FUE-8938-XY-MBJ;FUE;REU;advanced condition failed
XY-ZMF;06-11-2015;06-11-2015;06-11-2015;06-11-2015;false;08;061115-SPU-EVN-3366-XY-ZMF;EVN;SPU;advanced condition failed
XY-YAZ;06-01-2015;06-01-2015;06-01-2015;06-01-2015;false;77;060115-ANR-IBZ-2154-XY-YAZ;IBZ;ANR;advanced condition failed
XY-PZC;17-06-2011;17-06-2011;17-06-2011;17-06-2011;false;96;170611-OLB-SVQ-2333-XY-PZC;SVQ;OLB;advanced condition failed
XY-ZWJ;23-03-2012;23-03-2012;23-03-2012;23-03-2012;false;00;230312-JMK-TGD-9213-XY-ZWJ;TGD;JMK;advanced condition failed
XY-PZC;11-12-2016;11-12-2016;11-12-2016;11-12-2016;false;46;111216-BDS-BTS-3981-XY-PZC;BTS;BDS;advanced condition failed
XY-ZDY;31-12-2013;31-12-2013;31-12-2013;31-12-2013;false;47;311213-MST-CRL-7921-XY-ZDY;CRL;MST;advanced condition failed
XY-ALV;08-04-2016;08-04-2016;08-04-2016;08-04-2016;false;04;080416-BMA-LCY-1351-XY-ALV;LCY;BMA;advanced condition failed
XY-YAZ;03-10-2012;03-10-2012;03-10-2012;03-10-2012;false;17;031012-ZRH-IEV-3384-XY-YAZ;IEV;ZRH;advanced condition failed
XY-ZDY;11-03-2013;11-03-2013;11-03-2013;11-03-2013;false;44;110313-BFS-BGY-5976-XY-ZDY;BGY;BFS;advanced condition failed
XY-ZDY;25-02-2012;25-02-2012;25-02-2012;25-02-2012;false;23;250212-TLS-JER-1323-XY-ZDY;JER;TLS;advanced condition failed
XY-IOO;12-05-2014;12-05-2014;12-05-2014;12-05-2014;false;67;120514-FRA-BRQ-9713-XY-IOO;BRQ;FRA;advanced condition failed
XY-OFW;25-12-2016;25-12-2016;25-12-2016;25-12-2016;false;06;251216-EVN-BIA-6888-XY-OFW;BIA;EVN;advanced condition failed
XY-ALV;18-01-2014;18-01-2014;18-01-2014;18-01-2014;false;89;180114-BUD-BRQ-1181-XY-ALV;BRQ;BUD;advanced condition failed
XY-LYP;09-01-2011;09-01-2011;09-01-2011;09-01-2011;false;92;090111-PUY-DME-7853-XY-LYP;DME;PUY;advanced condition failed
XY-NMY;28-07-2015;28-07-2015;28-07-2015;28-07-2015;false;11;280715-VCE-OUL-5714-XY-NMY;OUL;VCE;advanced condition failed
XY-IWX;01-01-2014;01-01-2014;01-01-2014;01-01-2014;false;86;010114-HHN-NYO-1343-XY-IWX;NYO;HHN;advanced condition failed
XY-OHF;19-09-2012;19-09-2012;19-09-2012;19-09-2012;false;41;190912-LED-KIV-8464-XY-OHF;KIV;LED;advanced condition failed
XY-MBJ;28-04-2014;28-04-2014;28-04-2014;28-04-2014;false;45;280414-IST-JMK-1548-XY-MBJ;JMK;IST;advanced condition failed
XY-ALV;07-07-2011;07-07-2011;07-07-2011;07-07-2011;false;06;070711-POZ-SXF-1846-XY-ALV;SXF;POZ;advanced condition failed
XY-IOO;15-03-2010;15-03-2010;15-03-2010;15-03-2010;false;14;150310-BCN-AOI-7921-XY-IOO;AOI;BCN;advanced condition failed
XY-ZMF;27-03-2013;27-03-2013;27-03-2013;27-03-2013;false;14;270313-ADA-TSF-8261-XY-ZMF;TSF;ADA;advanced condition failed
XY-LQZ;30-11-2013;30-11-2013;30-11-2013;30-11-2013;false;47;301113-ZAZ-VCE-1764-XY-LQZ;VCE;ZAZ;advanced condition failed
XY-PZC;07-01-2015;08-01-2015;08-01-2015;08-01-2015;false;19;070115-SOF-MPL-8147-XY-PZC;MPL;SOF;advanced condition failed
XY-NMY;10-08-2011;10-08-2011;10-08-2011;10-08-2011;false;33;100811-CIA-IEV-6795-XY-NMY;IEV;CIA;advanced condition failed
XY-FBA;08-12-2010;08-12-2010;08-12-2010;08-12-2010;false;44;081210-FDH-NUE-9473-XY-FBA;NUE;FDH;advanced condition failed
XY-YAZ;07-01-2010;07-01-2010;07-01-2010;07-01-2010;false;69;070110-NTE-GVA-5368-XY-YAZ;GVA;NTE;advanced condition failed
XY-MBJ;09-12-2015;09-12-2015;10-12-2015;09-12-2015;false;13;091215-VST-ALC-6988-XY-MBJ;ALC;VST;advanced condition failed
XY-ZMF;18-03-2014;18-03-2014;18-03-2014;18-03-2014;false;51;180314-NAP-FMM-5499-XY-ZMF;FMM;NAP;advanced condition failed
XY-MBJ;22-12-2014;22-12-2014;22-12-2014;22-12-2014;false;87;221214-LTN-BRU-5829-XY-MBJ;BRU;LTN;advanced condition failed
XY-FBA;27-12-2010;27-12-2010;27-12-2010;27-12-2010;false;71;271210-SEN-FNC-1954-XY-FBA;FNC;SEN;advanced condition failed
XY-OHF;28-07-2016;28-07-2016;28-07-2016;28-07-2016;false;96;280716-JTR-DLM-4299-XY-OHF;DLM;JTR;advanced condition failed
XY-IOO;09-09-2016;09-09-2016;09-09-2016;09-09-2016;false;97;090916-OST-STN-1636-XY-IOO;STN;OST;advanced condition failed
XY-ALV;23-06-2012;23-06-2012;23-06-2012;23-06-2012;false;96;230612-AAR-FAE-9535-XY-ALV;FAE;AAR;advanced condition failed
XY-PZC;14-04-2016;14-04-2016;14-04-2016;14-04-2016;false;69;140416-BRS-LTN-6359-XY-PZC;LTN;BRS;advanced condition failed
XY-YTM;02-09-2016;02-09-2016;02-09-2016;02-09-2016;false;17;020916-WAW-VAR-5596-XY-YTM;VAR;WAW;advanced condition failed
XY-YAZ;17-03-2014;17-03-2014;17-03-2014;17-03-2014;false;33;170314-HAM-IAS-8733-XY-YAZ;IAS;HAM;advanced condition failed
XY-YAZ;03-08-2016;03-08-2016;03-08-2016;03-08-2016;false;77;030816-BHD-INI-4587-XY-YAZ;INI;BHD;advanced condition failed
XY-ALV;09-08-2016;09-08-2016;09-08-2016;09-08-2016;false;87;090816-BRQ-TLN-6187-XY-ALV;TLN;BRQ;advanced condition failed
XY-IWX;24-03-2013;24-03-2013;24-03-2013;24-03-2013;false;64;240313-FKB-BGY-9997-XY-IWX;BGY;FKB;advanced condition failed
XY-OFW;05-09-2012;05-09-2012;06-09-2012;05-09-2012;false;07;050912-BOD-DEB-4187-XY-OFW;DEB;BOD;advanced condition failed
XY-PZC;17-02-2011;17-02-2011;17-02-2011;17-02-2011;false;22;170211-BHD-MAN-9779-XY-PZC;MAN;BHD;advanced condition failed
XY-ZMF;01-04-2015;01-04-2015;01-04-2015;01-04-2015;false;33;010415-EMA-HAM-9515-XY-ZMF;HAM;EMA;advanced condition failed
XY-IOO;03-10-2013;03-10-2013;03-10-2013;03-10-2013;false;11;031013-SXB-FCO-7772-XY-IOO;FCO;SXB;advanced condition failed
XY-FBA;20-08-2011;20-08-2011;20-08-2011;20-08-2011;false;63;200811-BRN-BIO-3817-XY-FBA;BIO;BRN;advanced condition failed
XY-LYP;28-09-2014;28-09-2014;28-09-2014;28-09-2014;false;01;280914-ANR-MAN-2916-XY-LYP;MAN;ANR;advanced condition failed
XY-PZC;05-11-2010;05-11-2010;06-11-2010;06-11-2010;false;17;051110-CGN-LUX-7958-XY-PZC;LUX;CGN;advanced condition failed
XY-LQZ;26-05-2014;26-05-2014;26-05-2014;26-05-2014;false;63;260514-CDG-NRN-1211-XY-LQZ;NRN;CDG;advanced condition failed
XY-OZH;07-09-2011;07-09-2011;07-09-2011;07-09-2011;false;73;070911-BCN-LWO-4975-XY-OZH;LWO;BCN;advanced condition failed
XY-ZMF;08-09-2011;08-09-2011;08-09-2011;08-09-2011;false;61;080911-AYT-FAE-9351-XY-ZMF;FAE;AYT;advanced condition failed
XY-ALV;01-09-2013;01-09-2013;01-09-2013;01-09-2013;false;71;010913-NRN-FRA-2384-XY-ALV;FRA;NRN;advanced condition failed
XY-CMJ;17-02-2014;17-02-2014;17-02-2014;17-02-2014;false;36;170214-GVA-PEG-3954-XY-CMJ;PEG;GVA;advanced condition failed
XY-JXR;22-06-2012;22-06-2012;22-06-2012;22-06-2012;false;68;220612-ORK-FCO-7148-XY-JXR;FCO;ORK;advanced condition failed
XY-CMJ;26-07-2015;26-07-2015;26-07-2015;26-07-2015;false;99;260715-CAG-GRZ-4685-XY-CMJ;GRZ;CAG;advanced condition failed
XY-IOO;22-01-2013;22-01-2013;22-01-2013;22-01-2013;false;06;220113-MST-ALA-1162-XY-IOO;ALA;MST;advanced condition failed
XY-YTM;07-02-2011;07-02-2011;07-02-2011;07-02-2011;false;87;070211-FLR-OTP-3286-XY-YTM;OTP;FLR;advanced condition failed
XY-ZWJ;24-12-2016;24-12-2016;24-12-2016;24-12-2016;false;93;241216-KIV-KEF-4944-XY-ZWJ;KEF;KIV;advanced condition failed
XY-IOO;10-07-2015;10-07-2015;10-07-2015;10-07-2015;false;64;100715-SOU-LGW-1989-XY-IOO;LGW;SOU;advanced condition failed
XY-ZDY;21-04-2014;21-04-2014;21-04-2014;21-04-2014;false;93;210414-NTE-DRS-7778-XY-ZDY;DRS;NTE;advanced condition failed
XY-YTM;20-09-2015;20-09-2015;20-09-2015;20-09-2015;false;87;200915-TMP-TSF-1997-XY-YTM;TSF;TMP;advanced condition failed
XY-IOO;18-03-2010;18-03-2010;18-03-2010;18-03-2010;false;77;180310-NRN-SKG-1481-XY-IOO;SKG;NRN;advanced condition failed
XY-LQZ;03-12-2010;03-12-2010;04-12-2010;04-12-2010;false;93;031210-FAO-OPO-8157-XY-LQZ;OPO;FAO;advanced condition failed
XY-OHF;04-02-2014;04-02-2014;04-02-2014;04-02-2014;false;47;040214-GRZ-RMU-5311-XY-OHF;RMU;GRZ;advanced condition failed
XY-IOO;17-08-2013;17-08-2013;17-08-2013;17-08-2013;false;38;170813-MAD-SEN-1239-XY-IOO;SEN;MAD;advanced condition failed
XY-MBJ;23-08-2012;23-08-2012;23-08-2012;23-08-2012;false;72;230812-AGP-SKG-8541-XY-MBJ;SKG;AGP;advanced condition failed
XY-NHZ;09-02-2012;09-02-2012;09-02-2012;09-02-2012;false;05;090212-GDN-SPC-1351-XY-NHZ;SPC;GDN;advanced condition failed
XY-JXR;03-10-2016;03-10-2016;03-10-2016;03-10-2016;false;25;031016-OVD-SAW-4316-XY-JXR;SAW;OVD;advanced condition failed
XY-MBJ;18-02-2014;18-02-2014;18-02-2014;18-02-2014;false;88;180214-TGD-VNO-9734-XY-MBJ;VNO;TGD;advanced condition failed
XY-YAZ;21-12-2013;21-12-2013;21-12-2013;21-12-2013;false;41;211213-NCL-VLC-4526-XY-YAZ;VLC;NCL;advanced condition failed
XY-OZH;04-09-2010;04-09-2010;04-09-2010;04-09-2010;false;03;040910-LCY-JMK-7846-XY-OZH;JMK;LCY;advanced condition failed
XY-ZMF;18-12-2012;18-12-2012;18-12-2012;18-12-2012;false;84;181212-BHX-OLB-3267-XY-ZMF;OLB;BHX;advanced condition failed
XY-CMJ;04-06-2011;04-06-2011;04-06-2011;04-06-2011;false;19;040611-ZRH-BEG-5329-XY-CMJ;BEG;ZRH;advanced condition failed
XY-LYP;13-11-2013;13-11-2013;13-11-2013;13-11-2013;false;29;131113-FRA-LGW-9312-XY-LYP;LGW;FRA;advanced condition failed
XY-NHZ;26-11-2010;26-11-2010;26-11-2010;26-11-2010;false;51;261110-SVX-ESB-5685-XY-NHZ;ESB;SVX;advanced condition failed
XY-YAZ;02-05-2014;02-05-2014;02-05-2014;02-05-2014;false;45;020514-MMX-POZ-9861-XY-YAZ;POZ;MMX;advanced condition failed
XY-PZC;09-07-2010;09-07-2010;09-07-2010;09-07-2010;false;08;090710-SVQ-RHO-8669-XY-PZC;RHO;SVQ;advanced condition failed
XY-IOO;12-12-2010;12-12-2010;12-12-2010;12-12-2010;false;16;121210-GRO-JMK-9286-XY-IOO;JMK;GRO;advanced condition failed
XY-ZDY;24-10-2016;24-10-2016;24-10-2016;24-10-2016;false;35;241016-FAE-CWL-7372-XY-ZDY;CWL;FAE;advanced condition failed
XY-LYP;19-02-2010;19-02-2010;19-02-2010;19-02-2010;false;07;190210-LYS-ATH-1847-XY-LYP;ATH;LYS;advanced condition failed
XY-ZMF;26-03-2013;26-03-2013;26-03-2013;26-03-2013;false;26;260313-BJV-TSR-4671-XY-ZMF;TSR;BJV;advanced condition failed
XY-LYP;12-10-2012;12-10-2012;12-10-2012;12-10-2012;false;84;121012-GRQ-BLL-1875-XY-LYP;BLL;GRQ;advanced condition failed
XY-LYP;30-01-2013;30-01-2013;30-01-2013;30-01-2013;false;72;300113-PFO-REU-3841-XY-LYP;REU;PFO;advanced condition failed
XY-ZWJ;02-05-2012;02-05-2012;02-05-2012;02-05-2012;false;08;020512-KIV-BOD-7466-XY-ZWJ;BOD;KIV;advanced condition failed
XY-OFW;04-04-2014;04-04-2014;04-04-2014;04-04-2014;false;17;040414-TOS-NTE-8992-XY-OFW;NTE;TOS;advanced condition failed
XY-CMJ;11-09-2016;11-09-2016;12-09-2016;12-09-2016;false;17;110916-GLA-TFS-3214-XY-CMJ;TFS;GLA;advanced condition failed
XY-MBJ;25-07-2014;25-07-2014;25-07-2014;25-07-2014;false;21;250714-SKG-ZAG-1155-XY-MBJ;ZAG;SKG;advanced condition failed
XY-IWX;03-08-2015;03-08-2015;03-08-2015;03-08-2015;false;32;030815-TFN-CFU-5469-XY-IWX;CFU;TFN;advanced condition failed
XY-IWX;16-11-2012;16-11-2012;16-11-2012;16-11-2012;false;13;161112-GRZ-GLA-7833-XY-IWX;GLA;GRZ;advanced condition failed
XY-LQZ;17-06-2016;17-06-2016;17-06-2016;17-06-2016;false;37;170616-KIR-FAE-1644-XY-LQZ;FAE;KIR;advanced condition failed
XY-FBA;05-06-2011;05-06-2011;05-06-2011;05-06-2011;false;23;050611-BEG-NYO-1561-XY-FBA;NYO;BEG;advanced condition failed
XY-LQZ;05-07-2014;05-07-2014;05-07-2014;05-07-2014;false;12;050714-PDL-NRN-1289-XY-LQZ;NRN;PDL;advanced condition failed
XY-YTM;21-07-2016;21-07-2016;21-07-2016;21-07-2016;false;08;210716-STN-MAN-5694-XY-YTM;MAN;STN;advanced condition failed
XY-NHZ;07-11-2012;07-11-2012;07-11-2012;07-11-2012;false;19;071112-OLB-ALC-1615-XY-NHZ;ALC;OLB;advanced condition failed
XY-YTM;18-07-2010;18-07-2010;18-07-2010;18-07-2010;false;27;180710-VIE-BVA-1883-XY-YTM;BVA;VIE;advanced condition failed
XY-ZDY;31-01-2011;31-01-2011;31-01-2011;31-01-2011;false;52;310111-BRS-FDH-4568-XY-ZDY;FDH;BRS;advanced condition failed
XY-ZMF;09-11-2016;09-11-2016;09-11-2016;09-11-2016;false;39;091116-VNO-LTN-2763-XY-ZMF;LTN;VNO;advanced condition failed
XY-IWX;25-04-2014;25-04-2014;25-04-2014;25-04-2014;false;95;250414-INN-PEG-3571-XY-IWX;PEG;INN;advanced condition failed
XY-IOO;21-05-2016;21-05-2016;21-05-2016;21-05-2016;false;61;210516-PMI-FMM-8972-XY-IOO;FMM;PMI;advanced condition failed
XY-PZC;23-02-2011;23-02-2011;23-02-2011;23-02-2011;false;34;230211-MMX-NRN-1277-XY-PZC;NRN;MMX;advanced condition failed
XY-OHF;10-12-2013;10-12-2013;10-12-2013;10-12-2013;false;62;101213-LWO-HEL-3699-XY-OHF;HEL;LWO;advanced condition failed
XY-OZH;25-09-2011;25-09-2011;25-09-2011;25-09-2011;false;97;250911-GVA-KRK-4154-XY-OZH;KRK;GVA;advanced condition failed
XY-OZH;22-11-2014;22-11-2014;22-11-2014;22-11-2014;false;57;221114-KGS-BOJ-4554-XY-OZH;BOJ;KGS;advanced condition failed
XY-LYP;21-01-2011;21-01-2011;21-01-2011;21-01-2011;false;27;210111-RNS-ZAZ-9998-XY-LYP;ZAZ;RNS;advanced condition failed
XY-IWX;29-03-2016;29-03-2016;29-03-2016;29-03-2016;false;15;290316-JMK-OLB-5552-XY-IWX;OLB;JMK;advanced condition failed
XY-LYP;24-09-2014;24-09-2014;24-09-2014;24-09-2014;false;09;240914-BOD-SEN-2566-XY-LYP;SEN;BOD;advanced condition failed
XY-LYP;02-07-2016;02-07-2016;02-07-2016;02-07-2016;false;35;020716-KRS-TLN-1643-XY-LYP;TLN;KRS;advanced condition failed
XY-YTM;16-02-2015;16-02-2015;16-02-2015;16-02-2015;false;75;160215-NUE-KEF-9826-XY-YTM;KEF;NUE;advanced condition failed
XY-ZWJ;25-10-2010;25-10-2010;25-10-2010;25-10-2010;false;77;251010-TFN-FSC-5842-XY-ZWJ;FSC;TFN;advanced condition failed
XY-PZC;25-09-2012;25-09-2012;25-09-2012;25-09-2012;false;14;250912-OUL-RTM-7369-XY-PZC;RTM;OUL;advanced condition failed
XY-IWX;28-06-2011;28-06-2011;28-06-2011;28-06-2011;false;94;280611-RVN-CPH-3883-XY-IWX;CPH;RVN;advanced condition failed
XY-IOO;11-10-2011;11-10-2011;11-10-2011;11-10-2011;false;41;111011-BRE-EVN-9698-XY-IOO;EVN;BRE;advanced condition failed
XY-ALV;12-01-2013;12-01-2013;12-01-2013;12-01-2013;false;91;120113-STN-FMM-5737-XY-ALV;FMM;STN;advanced condition failed
XY-CMJ;03-05-2012;03-05-2012;03-05-2012;03-05-2012;false;00;030512-ZAG-HAM-7226-XY-CMJ;HAM;ZAG;advanced condition failed
XY-ALV;02-12-2012;02-12-2012;02-12-2012;02-12-2012;false;88;021212-VKO-TLS-6714-XY-ALV;TLS;VKO;advanced condition failed
XY-YTM;08-11-2012;08-11-2012;08-11-2012;08-11-2012;false;28;081112-BCN-FCO-6764-XY-YTM;FCO;BCN;advanced condition failed
XY-LYP;16-08-2012;16-08-2012;16-08-2012;16-08-2012;false;96;160812-CHQ-EVN-7679-XY-LYP;EVN;CHQ;advanced condition failed
XY-MBJ;17-12-2015;17-12-2015;17-12-2015;17-12-2015;false;72;171215-HUY-CWL-9148-XY-MBJ;CWL;HUY;advanced condition failed
XY-MBJ;13-10-2016;13-10-2016;13-10-2016;13-10-2016;false;87;131016-SPU-AMS-2959-XY-MBJ;AMS;SPU;advanced condition failed
XY-ZMF;14-10-2013;14-10-2013;14-10-2013;14-10-2013;false;89;141013-MSQ-AES-8738-XY-ZMF;AES;MSQ;advanced condition failed
XY-IWX;30-11-2016;30-11-2016;30-11-2016;30-11-2016;false;68;301116-CFU-KRK-6772-XY-IWX;KRK;CFU;advanced condition failed
XY-JXR;21-06-2012;21-06-2012;21-06-2012;21-06-2012;false;62;210612-BFS-BVA-1119-XY-JXR;BVA;BFS;advanced condition failed
XY-CMJ;10-04-2016;10-04-2016;10-04-2016;10-04-2016;false;64;100416-CIY-FSC-5859-XY-CMJ;FSC;CIY;advanced condition failed
XY-FBA;13-07-2010;13-07-2010;13-07-2010;13-07-2010;false;46;130710-PDL-SKG-6143-XY-FBA;SKG;PDL;advanced condition failed
XY-IOO;31-08-2015;31-08-2015;31-08-2015;31-08-2015;false;67;310815-JTR-TSF-5665-XY-IOO;TSF;JTR;advanced condition failed
XY-LQZ;20-06-2016;20-06-2016;20-06-2016;20-06-2016;false;61;200616-BGO-OLB-3499-XY-LQZ;OLB;BGO;advanced condition failed
XY-OHF;22-10-2010;22-10-2010;22-10-2010;22-10-2010;false;43;221010-PRN-LED-5148-XY-OHF;LED;PRN;advanced condition failed
XY-ZWJ;07-01-2015;07-01-2015;07-01-2015;07-01-2015;false;65;070115-GLA-BDS-2213-XY-ZWJ;BDS;GLA;advanced condition failed
XY-ZDY;08-09-2014;09-09-2014;09-09-2014;09-09-2014;false;68;080914-INN-TGD-6943-XY-ZDY;TGD;INN;advanced condition failed
XY-OFW;16-11-2013;16-11-2013;16-11-2013;16-11-2013;false;86;161113-IST-CFU-2118-XY-OFW;CFU;IST;advanced condition failed
XY-IOO;28-05-2012;28-05-2012;28-05-2012;28-05-2012;false;04;280512-LEI-DUS-1944-XY-IOO;DUS;LEI;advanced condition failed
XY-ZWJ;07-09-2010;07-09-2010;07-09-2010;07-09-2010;false;82;070910-PMI-LGW-4382-XY-ZWJ;LGW;PMI;advanced condition failed
XY-PZC;10-07-2013;10-07-2013;10-07-2013;10-07-2013;false;01;100713-FAE-GYD-8573-XY-PZC;GYD;FAE;advanced condition failed
XY-YTM;12-07-2016;12-07-2016;12-07-2016;12-07-2016;false;29;120716-VRN-FKB-5329-XY-YTM;FKB;VRN;advanced condition failed
XY-ALV;25-12-2015;25-12-2015;25-12-2015;25-12-2015;false;94;251215-ADA-MPL-8339-XY-ALV;MPL;ADA;advanced condition failed
XY-ZWJ;04-01-2017;05-01-2017;05-01-2017;05-01-2017;false;93;040117-LHR-BRU-2753-XY-ZWJ;BRU;LHR;advanced condition failed
XY-LQZ;15-01-2014;15-01-2014;15-01-2014;15-01-2014;false;67;150114-SVQ-AOI-1388-XY-LQZ;AOI;SVQ;advanced condition failed
XY-FBA;15-02-2010;15-02-2010;15-02-2010;15-02-2010;false;18;150210-MAH-FSC-9187-XY-FBA;FSC;MAH;advanced condition failed
XY-NHZ;03-08-2013;03-08-2013;03-08-2013;03-08-2013;false;62;030813-LBA-TFN-2923-XY-NHZ;TFN;LBA;advanced condition failed
XY-IOO;22-10-2010;22-10-2010;22-10-2010;22-10-2010;false;27;221010-BOO-BGO-1742-XY-IOO;BGO;BOO;advanced condition failed
XY-ALV;01-01-2014;01-01-2014;01-01-2014;01-01-2014;false;41;010114-RIX-ALC-8576-XY-ALV;ALC;RIX;advanced condition failed
XY-IOO;03-12-2015;03-12-2015;04-12-2015;04-12-2015;false;67;031215-SNN-LBA-8277-XY-IOO;LBA;SNN;advanced condition failed
XY-JXR;13-03-2012;13-03-2012;13-03-2012;13-03-2012;false;51;130312-BTS-BOD-5791-XY-JXR;BOD;BTS;advanced condition failed
XY-ZDY;08-10-2016;08-10-2016;08-10-2016;08-10-2016;false;92;081016-CIA-IST-5185-XY-ZDY;IST;CIA;advanced condition failed
XY-NMY;12-09-2013;12-09-2013;13-09-2013;12-09-2013;false;55;120913-SPC-LNZ-6414-XY-NMY;LNZ;SPC;advanced condition failed
XY-OZH;22-03-2011;22-03-2011;22-03-2011;22-03-2011;false;16;220311-GLA-BRI-7386-XY-OZH;BRI;GLA;advanced condition failed
XY-ALV;14-09-2011;14-09-2011;14-09-2011;14-09-2011;false;76;140911-MUC-MSQ-7982-XY-ALV;MSQ;MUC;advanced condition failed
XY-OZH;03-04-2015;03-04-2015;03-04-2015;03-04-2015;false;47;030415-PMI-NOC-2198-XY-OZH;NOC;PMI;advanced condition failed
XY-OHF;17-10-2016;17-10-2016;17-10-2016;17-10-2016;false;88;171016-MMX-NYO-3344-XY-OHF;NYO;MMX;advanced condition failed
XY-YTM;09-07-2012;09-07-2012;09-07-2012;09-07-2012;false;32;090712-TFS-NAP-7713-XY-YTM;NAP;TFS;advanced condition failed
XY-OFW;08-01-2013;08-01-2013;08-01-2013;08-01-2013;false;66;080113-ARN-MAH-7344-XY-OFW;MAH;ARN;advanced condition failed
XY-LQZ;10-07-2012;10-07-2012;10-07-2012;10-07-2012;false;96;100712-KRK-HHN-6177-XY-LQZ;HHN;KRK;advanced condition failed
XY-OZH;06-01-2016;06-01-2016;06-01-2016;06-01-2016;false;77;060116-GYD-DLM-9289-XY-OZH;DLM;GYD;advanced condition failed
XY-ZWJ;12-04-2014;12-04-2014;12-04-2014;12-04-2014;false;03;120414-BRI-KSC-4148-XY-ZWJ;KSC;BRI;advanced condition failed
XY-IOO;03-11-2014;03-11-2014;03-11-2014;03-11-2014;false;16;031114-ZAG-TGD-7356-XY-IOO;TGD;ZAG;advanced condition failed
XY-IOO;14-07-2012;14-07-2012;14-07-2012;14-07-2012;false;26;140712-TSE-SJJ-7223-XY-IOO;SJJ;TSE;advanced condition failed
XY-YTM;07-07-2015;07-07-2015;07-07-2015;07-07-2015;false;87;070715-BRS-ACE-3286-XY-YTM;ACE;BRS;advanced condition failed
XY-ALV;17-12-2010;17-12-2010;17-12-2010;17-12-2010;false;48;171210-KBP-TZL-1393-XY-ALV;TZL;KBP;advanced condition failed
XY-OHF;25-05-2011;25-05-2011;25-05-2011;25-05-2011;false;33;250511-BVA-CDG-2413-XY-OHF;CDG;BVA;advanced condition failed
XY-PZC;26-01-2016;26-01-2016;26-01-2016;26-01-2016;false;02;260116-VAA-OVD-8572-XY-PZC;OVD;VAA;advanced condition failed
XY-OZH;26-05-2010;26-05-2010;26-05-2010;26-05-2010;false;92;260510-LGW-PAD-6682-XY-OZH;PAD;LGW;advanced condition failed
XY-OZH;03-11-2013;03-11-2013;03-11-2013;03-11-2013;false;86;031113-KRK-SEN-7583-XY-OZH;SEN;KRK;advanced condition failed
XY-ALV;18-10-2010;18-10-2010;18-10-2010;18-10-2010;false;61;181010-VIE-WRO-4778-XY-ALV;WRO;VIE;advanced condition failed
XY-YAZ;10-07-2010;10-07-2010;10-07-2010;10-07-2010;false;38;100710-LGG-SKP-8188-XY-YAZ;SKP;LGG;advanced condition failed
XY-ZDY;22-08-2012;22-08-2012;22-08-2012;22-08-2012;false;56;220812-AYT-CFU-2695-XY-ZDY;CFU;AYT;advanced condition failed
XY-OFW;30-10-2010;30-10-2010;30-10-2010;30-10-2010;false;88;301010-RUN-WRO-2572-XY-OFW;WRO;RUN;advanced condition failed
XY-NHZ;10-11-2012;10-11-2012;10-11-2012;10-11-2012;false;48;101112-AAL-SAW-7931-XY-NHZ;SAW;AAL;advanced condition failed
XY-CMJ;09-07-2011;09-07-2011;09-07-2011;09-07-2011;false;26;090711-AGP-KIV-4726-XY-CMJ;KIV;AGP;advanced condition failed
XY-PZC;21-02-2011;21-02-2011;21-02-2011;21-02-2011;false;76;210211-STR-EXT-1566-XY-PZC;EXT;STR;advanced condition failed
XY-OFW;31-03-2013;31-03-2013;31-03-2013;31-03-2013;false;21;310313-FDH-GRO-1153-XY-OFW;GRO;FDH;advanced condition failed
XY-PZC;24-11-2016;24-11-2016;24-11-2016;24-11-2016;false;96;241116-BLQ-IAS-8242-XY-PZC;IAS;BLQ;advanced condition failed
XY-IWX;09-10-2014;09-10-2014;09-10-2014;09-10-2014;false;03;091014-SVG-TSE-3833-XY-IWX;TSE;SVG;advanced condition failed
XY-ZWJ;28-12-2014;28-12-2014;28-12-2014;28-12-2014;false;28;281214-KUN-RIX-6975-XY-ZWJ;RIX;KUN;advanced condition failed
XY-NHZ;16-09-2014;16-09-2014;16-09-2014;16-09-2014;false;12;160914-CLJ-SXB-2242-XY-NHZ;SXB;CLJ;advanced condition failed
XY-PZC;30-10-2016;30-10-2016;30-10-2016;30-10-2016;false;99;301016-RVN-FMO-6626-XY-PZC;FMO;RVN;advanced condition failed
XY-FBA;12-09-2015;12-09-2015;12-09-2015;12-09-2015;false;29;120915-KUN-RMU-8568-XY-FBA;RMU;KUN;advanced condition failed
XY-ALV;15-04-2013;15-04-2013;15-04-2013;15-04-2013;false;26;150413-OSL-FNC-9685-XY-ALV;FNC;OSL;advanced condition failed
XY-ZWJ;27-08-2015;27-08-2015;27-08-2015;27-08-2015;false;89;270815-GDN-SXB-1766-XY-ZWJ;SXB;GDN;advanced condition failed
XY-JXR;25-11-2012;25-11-2012;25-11-2012;25-11-2012;false;17;251112-MMX-EXT-5246-XY-JXR;EXT;MMX;advanced condition failed
XY-ZMF;07-07-2015;07-07-2015;07-07-2015;07-07-2015;false;89;070715-AOI-FRA-5987-XY-ZMF;FRA;AOI;advanced condition failed
XY-YTM;11-05-2012;11-05-2012;11-05-2012;11-05-2012;false;87;110512-PDL-JER-7699-XY-YTM;JER;PDL;advanced condition failed
XY-ZWJ;11-07-2013;11-07-2013;11-07-2013;11-07-2013;false;47;110713-PSR-DUB-6912-XY-ZWJ;DUB;PSR;advanced condition failed
XY-ALV;17-02-2016;17-02-2016;17-02-2016;17-02-2016;false;44;170216-TZX-HEL-9736-XY-ALV;HEL;TZX;advanced condition failed
XY-ALV;16-11-2011;16-11-2011;16-11-2011;16-11-2011;false;43;161111-FAO-TPS-5257-XY-ALV;TPS;FAO;advanced condition failed
XY-NHZ;03-01-2014;03-01-2014;03-01-2014;03-01-2014;false;71;030114-BOO-RUN-7149-XY-NHZ;RUN;BOO;advanced condition failed
XY-ZWJ;21-07-2010;21-07-2010;21-07-2010;21-07-2010;false;83;210710-CDG-LYS-1381-XY-ZWJ;LYS;CDG;advanced condition failed
XY-OFW;01-05-2014;01-05-2014;01-05-2014;01-05-2014;false;36;010514-BRI-INI-4547-XY-OFW;INI;BRI;advanced condition failed
XY-OFW;24-09-2010;24-09-2010;24-09-2010;24-09-2010;false;35;240910-DEB-ACE-3568-XY-OFW;ACE;DEB;advanced condition failed
XY-CMJ;28-01-2013;28-01-2013;28-01-2013;28-01-2013;false;47;280113-KGS-SAW-1618-XY-CMJ;SAW;KGS;advanced condition failed
XY-LYP;27-05-2010;27-05-2010;27-05-2010;27-05-2010;false;06;270510-VAR-LIS-9562-XY-LYP;LIS;VAR;advanced condition failed
XY-ZMF;11-05-2011;11-05-2011;11-05-2011;11-05-2011;false;36;110511-SDR-TSE-5643-XY-ZMF;TSE;SDR;advanced condition failed
XY-LQZ;30-12-2016;30-12-2016;30-12-2016;30-12-2016;false;43;301216-KRK-LUG-1652-XY-LQZ;LUG;KRK;advanced condition failed
XY-OHF;10-05-2011;10-05-2011;10-05-2011;10-05-2011;false;18;100511-SUF-TKU-6826-XY-OHF;TKU;SUF;advanced condition failed
XY-LYP;16-03-2014;16-03-2014;16-03-2014;16-03-2014;false;92;160314-MLA-SVQ-6643-XY-LYP;SVQ;MLA;advanced condition failed
XY-ZWJ;27-03-2015;27-03-2015;27-03-2015;27-03-2015;false;39;270315-BRN-LNZ-8513-XY-ZWJ;LNZ;BRN;advanced condition failed
XY-FBA;09-08-2011;09-08-2011;09-08-2011;09-08-2011;false;72;090811-AHO-TRN-3141-XY-FBA;TRN;AHO;advanced condition failed
XY-OFW;13-06-2010;13-06-2010;13-06-2010;13-06-2010;false;19;130610-BLQ-ZAZ-3271-XY-OFW;ZAZ;BLQ;advanced condition failed
XY-YTM;29-02-2016;29-02-2016;29-02-2016;29-02-2016;false;58;290216-KUN-ESB-2915-XY-YTM;ESB;KUN;advanced condition failed
XY-OZH;18-02-2012;18-02-2012;18-02-2012;18-02-2012;false;66;180212-KEF-LGW-5275-XY-OZH;LGW;KEF;advanced condition failed
XY-OFW;28-03-2015;28-03-2015;28-03-2015;28-03-2015;false;44;280315-NOC-EGC-5391-XY-OFW;EGC;NOC;advanced condition failed
XY-ZDY;18-11-2015;18-11-2015;18-11-2015;18-11-2015;false;67;181115-SKG-CRL-3288-XY-ZDY;CRL;SKG;advanced condition failed
XY-MBJ;13-06-2013;13-06-2013;13-06-2013;13-06-2013;false;66;130613-PIK-GYD-5175-XY-MBJ;GYD;PIK;advanced condition failed
XY-OZH;06-02-2015;06-02-2015;06-02-2015;06-02-2015;false;94;060215-VLC-BOO-4695-XY-OZH;BOO;VLC;advanced condition failed
XY-OFW;21-08-2016;21-08-2016;21-08-2016;21-08-2016;false;66;210816-CRL-TXL-9772-XY-OFW;TXL;CRL;advanced condition failed
XY-FBA;21-05-2016;21-05-2016;21-05-2016;21-05-2016;false;31;210516-ADB-HAU-4647-XY-FBA;HAU;ADB;advanced condition failed
XY-LYP;08-08-2016;08-08-2016;08-08-2016;08-08-2016;false;16;080816-SDR-WMI-4398-XY-LYP;WMI;SDR;advanced condition failed
XY-LYP;05-09-2015;05-09-2015;05-09-2015;05-09-2015;false;86;050915-KLU-KUN-9167-XY-LYP;KUN;KLU;advanced condition failed
XY-FBA;11-06-2015;11-06-2015;11-06-2015;11-06-2015;false;03;110615-PRG-PEG-8969-XY-FBA;PEG;PRG;advanced condition failed
XY-LQZ;23-10-2016;23-10-2016;23-10-2016;23-10-2016;false;55;231016-BRI-CIY-1333-XY-LQZ;CIY;BRI;advanced condition failed
XY-LQZ;18-01-2011;18-01-2011;18-01-2011;18-01-2011;false;26;180111-LCY-GOT-7362-XY-LQZ;GOT;LCY;advanced condition failed
XY-MBJ;22-05-2011;22-05-2011;22-05-2011;22-05-2011;false;76;220511-GOT-BES-6172-XY-MBJ;BES;GOT;advanced condition failed
XY-IWX;23-10-2012;23-10-2012;23-10-2012;23-10-2012;false;04;231012-HAU-BIQ-6542-XY-IWX;BIQ;HAU;advanced condition failed
XY-IWX;31-08-2011;31-08-2011;31-08-2011;31-08-2011;false;01;310811-TZL-ARN-1175-XY-IWX;ARN;TZL;advanced condition failed
XY-YAZ;26-03-2014;26-03-2014;26-03-2014;26-03-2014;false;98;260314-WRO-EXT-4322-XY-YAZ;EXT;WRO;advanced condition failed
XY-IWX;03-02-2010;03-02-2010;03-02-2010;03-02-2010;false;48;030210-RUN-STR-9848-XY-IWX;STR;RUN;advanced condition failed
XY-ZDY;23-04-2010;23-04-2010;23-04-2010;23-04-2010;false;03;230410-PEG-ACE-1442-XY-ZDY;ACE;PEG;advanced condition failed
XY-ZDY;13-05-2016;13-05-2016;13-05-2016;13-05-2016;false;87;130516-BJV-LHR-7251-XY-ZDY;LHR;BJV;advanced condition failed
XY-ALV;19-08-2011;19-08-2011;19-08-2011;19-08-2011;false;81;190811-AER-FAE-3921-XY-ALV;FAE;AER;advanced condition failed
XY-PZC;17-04-2012;17-04-2012;17-04-2012;17-04-2012;false;92;170412-AAR-BRU-2592-XY-PZC;BRU;AAR;advanced condition failed
XY-IWX;04-03-2011;04-03-2011;05-03-2011;05-03-2011;false;61;040311-MXP-SUF-2437-XY-IWX;SUF;MXP;advanced condition failed
XY-ZWJ;15-06-2011;15-06-2011;15-06-2011;15-06-2011;false;72;150611-FRA-NCE-2831-XY-ZWJ;NCE;FRA;advanced condition failed
XY-OHF;20-11-2012;20-11-2012;20-11-2012;20-11-2012;false;35;201112-LGG-LPA-6377-XY-OHF;LPA;LGG;advanced condition failed
XY-OHF;18-01-2015;18-01-2015;18-01-2015;18-01-2015;false;07;180115-BRN-BRS-8644-XY-OHF;BRS;BRN;advanced condition failed
XY-OZH;16-10-2010;16-10-2010;16-10-2010;16-10-2010;false;36;161010-MMX-CHQ-6631-XY-OZH;CHQ;MMX;advanced condition failed
XY-YAZ;29-03-2015;29-03-2015;29-03-2015;29-03-2015;false;03;290315-BHX-TKU-6719-XY-YAZ;TKU;BHX;advanced condition failed
XY-LQZ;12-10-2016;12-10-2016;12-10-2016;12-10-2016;false;94;121016-AMS-TFN-1459-XY-LQZ;TFN;AMS;advanced condition failed
XY-ZWJ;24-02-2014;24-02-2014;24-02-2014;24-02-2014;false;63;240214-DEB-LUG-4944-XY-ZWJ;LUG;DEB;advanced condition failed
XY-PZC;21-11-2016;21-11-2016;22-11-2016;22-11-2016;false;76;211116-DBV-JMK-8514-XY-PZC;JMK;DBV;advanced condition failed
XY-JXR;28-05-2015;28-05-2015;28-05-2015;28-05-2015;false;18;280515-ODS-CPH-3446-XY-JXR;CPH;ODS;advanced condition failed
XY-OFW;23-06-2016;23-06-2016;23-06-2016;23-06-2016;false;67;230616-TKU-LCA-5143-XY-OFW;LCA;TKU;advanced condition failed
XY-ZDY;01-07-2016;01-07-2016;01-07-2016;01-07-2016;false;86;010716-VCE-RNS-9261-XY-ZDY;RNS;VCE;advanced condition failed
XY-LQZ;27-10-2010;27-10-2010;27-10-2010;27-10-2010;false;91;271010-LYS-PRG-7971-XY-LQZ;PRG;LYS;advanced condition failed
XY-ALV;18-07-2014;18-07-2014;18-07-2014;18-07-2014;false;84;180714-BRS-LEI-4163-XY-ALV;LEI;BRS;advanced condition failed
XY-IOO;22-01-2010;22-01-2010;22-01-2010;22-01-2010;false;32;220110-BRS-OTP-9597-XY-IOO;OTP;BRS;advanced condition failed
XY-ZDY;01-10-2011;01-10-2011;01-10-2011;01-10-2011;false;87;011011-CGN-DME-5788-XY-ZDY;DME;CGN;advanced condition failed
XY-NMY;12-08-2012;12-08-2012;12-08-2012;12-08-2012;false;84;120812-ACE-LBA-1159-XY-NMY;LBA;ACE;advanced condition failed
XY-OZH;26-10-2016;26-10-2016;26-10-2016;26-10-2016;false;33;261016-BMA-SKG-1737-XY-OZH;SKG;BMA;advanced condition failed
XY-MBJ;04-04-2013;04-04-2013;04-04-2013;04-04-2013;false;28;040413-SEN-BLQ-9647-XY-MBJ;BLQ;SEN;advanced condition failed
XY-OHF;07-03-2015;07-03-2015;07-03-2015;07-03-2015;false;14;070315-OVB-LIL-7726-XY-OHF;LIL;OVB;advanced condition failed
XY-YTM;25-09-2012;26-09-2012;26-09-2012;26-09-2012;false;11;250912-PSA-RVN-3783-XY-YTM;RVN;PSA;advanced condition failed
XY-NHZ;18-07-2013;18-07-2013;18-07-2013;18-07-2013;false;36;180713-BOO-PMO-1469-XY-NHZ;PMO;BOO;advanced condition failed
XY-YAZ;27-06-2011;27-06-2011;28-06-2011;28-06-2011;false;47;270611-BHX-LWO-1873-XY-YAZ;LWO;BHX;advanced condition failed
XY-PZC;22-07-2013;22-07-2013;22-07-2013;22-07-2013;false;87;220713-TZL-LPA-5561-XY-PZC;LPA;TZL;advanced condition failed
XY-OHF;07-02-2012;07-02-2012;07-02-2012;07-02-2012;false;51;070212-OPO-ADA-3514-XY-OHF;ADA;OPO;advanced condition failed
XY-LQZ;18-08-2011;18-08-2011;18-08-2011;18-08-2011;false;48;180811-KIR-TGD-2791-XY-LQZ;TGD;KIR;advanced condition failed
XY-IWX;27-06-2010;27-06-2010;27-06-2010;27-06-2010;false;88;270610-DBV-SVO-3921-XY-IWX;SVO;DBV;advanced condition failed
XY-LYP;10-05-2016;10-05-2016;10-05-2016;10-05-2016;false;57;100516-SXB-FUE-9444-XY-LYP;FUE;SXB;advanced condition failed
XY-IOO;13-03-2011;13-03-2011;13-03-2011;13-03-2011;false;98;130311-TFN-TZL-1733-XY-IOO;TZL;TFN;advanced condition failed
XY-ZMF;15-01-2015;15-01-2015;15-01-2015;15-01-2015;false;94;150115-NAP-HAU-3879-XY-ZMF;HAU;NAP;advanced condition failed
XY-ALV;16-01-2015;16-01-2015;16-01-2015;16-01-2015;false;;160115-SCQ-BRN-8815-XY-ALV;BRN;SCQ;advanced condition failed
XY-LYP;30-10-2013;30-10-2013;30-10-2013;30-10-2013;false;;301013-VIE-SVQ-4943-XY-LYP;SVQ;VIE;advanced condition failed
XY-OHF;27-08-2010;27-08-2010;27-08-2010;27-08-2010;false;;270810-EGC-ATH-8165-XY-OHF;ATH;EGC;advanced condition failed
XY-IWX;16-04-2016;16-04-2016;16-04-2016;16-04-2016;false;;160416-VAR-LNZ-6572-XY-IWX;LNZ;VAR;advanced condition failed
XY-LQZ;07-07-2015;07-07-2015;07-07-2015;07-07-2015;false;;070715-TRD-KRS-1644-XY-LQZ;KRS;TRD;advanced condition failed
XY-IWX;10-01-2014;10-01-2014;10-01-2014;10-01-2014;false;;100114-OLB-DUS-1553-XY-IWX;DUS;OLB;advanced condition failed
XY-YTM;28-07-2015;28-07-2015;28-07-2015;28-07-2015;false;;280715-LHR-PRG-4325-XY-YTM;PRG;LHR;advanced condition failed
XY-OHF;16-01-2014;16-01-2014;16-01-2014;16-01-2014;false;;160114-LCY-DEB-1673-XY-OHF;DEB;LCY;advanced condition failed
XY-NHZ;01-06-2013;01-06-2013;01-06-2013;01-06-2013;false;;010613-ANR-RHO-6319-XY-NHZ;RHO;ANR;advanced condition failed
XY-IWX;19-11-2012;19-11-2012;19-11-2012;19-11-2012;false;;191112-TLS-PIK-9972-XY-IWX;PIK;TLS;advanced condition failed
XY-JXR;16-09-2015;16-09-2015;16-09-2015;16-09-2015;false;;160915-LHR-CHQ-4293-XY-JXR;CHQ;LHR;advanced condition failed
XY-MBJ;01-09-2014;31-08-2014;01-09-2014;01-09-2014;false;;010914-TBS-NRN-4846-XY-MBJ;NRN;TBS;advanced condition failed
XY-LQZ;27-02-2015;27-02-2015;27-02-2015;27-02-2015;false;;270215-LHR-PIK-4527-XY-LQZ;PIK;LHR;advanced condition failed
XY-YTM;03-03-2010;03-03-2010;03-03-2010;03-03-2010;false;;030310-ORY-ABZ-6559-XY-YTM;ABZ;ORY;advanced condition failed
XY-MBJ;04-08-2010;04-08-2010;04-08-2010;04-08-2010;false;;040810-MXP-PUY-9718-XY-MBJ;PUY;MXP;advanced condition failed
XY-LQZ;15-04-2014;15-04-2014;15-04-2014;15-04-2014;false;;150414-LIS-BUD-6855-XY-LQZ;BUD;LIS;advanced condition failed
XY-YAZ;26-02-2016;25-02-2016;26-02-2016;26-02-2016;false;;260216-IBZ-ADA-5259-XY-YAZ;ADA;IBZ;advanced condition failed
XY-MBJ;11-11-2012;10-11-2012;11-11-2012;11-11-2012;false;;111112-JER-BLL-8427-XY-MBJ;BLL;JER;advanced condition failed
XY-OFW;07-08-2011;07-08-2011;07-08-2011;07-08-2011;false;00;070811-OUL-DUS-1297-XY-OFW;DUS;OUL;advanced condition failed
XY-IWX;29-07-2014;29-07-2014;29-07-2014;29-07-2014;false;00;290714-EXT-NUE-2831-XY-IWX;NUE;EXT;advanced condition failed
XY-JXR;14-03-2010;14-03-2010;14-03-2010;14-03-2010;false;;140310-AOI-RMU-1648-XY-JXR;RMU;AOI;advanced condition failed
XY-IOO;08-06-2015;08-06-2015;08-06-2015;08-06-2015;false;87;080615-AGP-HAU-5653-XY-IOO;HAU;AGP;advanced condition failed
XY-JXR;14-10-2010;13-10-2010;14-10-2010;14-10-2010;false;;141010-FAE-MAH-1825-XY-JXR;MAH;FAE;advanced condition failed
XY-ZMF;30-07-2014;30-07-2014;30-07-2014;30-07-2014;false;64;300714-SCQ-CFU-6658-XY-ZMF;CFU;SCQ;advanced condition failed
XY-OFW;12-06-2011;12-06-2011;13-06-2011;12-06-2011;false;05;120611-TRD-FMO-1692-XY-OFW;FMO;TRD;advanced condition failed
XY-ZWJ;20-03-2014;20-03-2014;20-03-2014;20-03-2014;false;62;200314-LUG-AGP-3569-XY-ZWJ;AGP;LUG;advanced condition failed
XY-NHZ;11-05-2011;11-05-2011;11-05-2011;11-05-2011;false;21;110511-LCA-BRN-7487-XY-NHZ;BRN;LCA;advanced condition failed
XY-LYP;13-01-2012;12-01-2012;13-01-2012;13-01-2012;false;48;130112-ZTH-REU-4614-XY-LYP;REU;ZTH;advanced condition failed
XY-LQZ;30-03-2010;30-03-2010;30-03-2010;30-03-2010;false;98;300310-FAO-VRN-8828-XY-LQZ;VRN;FAO;advanced condition failed
XY-JXR;09-11-2014;09-11-2014;09-11-2014;09-11-2014;false;32;091114-EDI-BRU-9597-XY-JXR;BRU;EDI;advanced condition failed
XY-FBA;25-09-2014;25-09-2014;25-09-2014;25-09-2014;false;55;250914-RHO-KIV-3335-XY-FBA;KIV;RHO;advanced condition failed
XY-OFW;03-11-2013;03-11-2013;03-11-2013;03-11-2013;false;85;031113-OVB-TLL-9839-XY-OFW;TLL;OVB;advanced condition failed
XY-IOO;12-11-2012;12-11-2012;12-11-2012;12-11-2012;false;88;121112-BOO-FSC-9539-XY-IOO;FSC;BOO;advanced condition failed
XY-ZMF;23-12-2016;23-12-2016;23-12-2016;23-12-2016;false;;231216-LPL-MRS-2726-XY-ZMF;MRS;LPL;advanced condition failed
XY-LQZ;05-12-2011;05-12-2011;05-12-2011;05-12-2011;false;;051211-CDG-BHX-2465-XY-LQZ;BHX;CDG;advanced condition failed
XY-ZMF;23-09-2015;23-09-2015;23-09-2015;23-09-2015;false;;230915-MUC-VLC-5642-XY-ZMF;VLC;MUC;advanced condition failed
XY-ZMF;08-08-2013;08-08-2013;08-08-2013;08-08-2013;false;;080813-NAP-CTA-2561-XY-ZMF;CTA;NAP;advanced condition failed
XY-YAZ;01-08-2010;01-08-2010;01-08-2010;01-08-2010;false;;010810-LJU-SUF-9445-XY-YAZ;SUF;LJU;advanced condition failed
XY-ZDY;11-02-2011;11-02-2011;11-02-2011;11-02-2011;false;;110211-KEF-FMM-2878-XY-ZDY;FMM;KEF;advanced condition failed
XY-PZC;02-01-2010;02-01-2010;02-01-2010;02-01-2010;false;;020110-SCQ-FSC-1344-XY-PZC;FSC;SCQ;advanced condition failed
XY-NHZ;14-01-2016;14-01-2016;14-01-2016;14-01-2016;false;;140116-GRQ-HAM-1369-XY-NHZ;HAM;GRQ;advanced condition failed
XY-LYP;08-05-2014;08-05-2014;08-05-2014;08-05-2014;false;;080514-BRS-ORY-4513-XY-LYP;ORY;BRS;advanced condition failed
XY-NMY;06-08-2011;06-08-2011;06-08-2011;06-08-2011;false;;060811-TLS-NRN-4296-XY-NMY;NRN;TLS;advanced condition failed
XY-PZC;26-05-2013;26-05-2013;26-05-2013;26-05-2013;false;;260513-KIV-MAD-5733-XY-PZC;MAD;KIV;advanced condition failed
XY-OHF;27-09-2015;27-09-2015;27-09-2015;27-09-2015;false;;270915-LCA-VIE-9389-XY-OHF;VIE;LCA;advanced condition failed
XY-IWX;05-10-2010;05-10-2010;05-10-2010;05-10-2010;false;;051010-CIY-JMK-9164-XY-IWX;JMK;CIY;advanced condition failed
XY-LQZ;08-10-2014;08-10-2014;08-10-2014;08-10-2014;false;;081014-HHN-TGD-9449-XY-LQZ;TGD;HHN;advanced condition failed
XY-OZH;18-11-2013;18-11-2013;18-11-2013;18-11-2013;false;;181113-GRO-VLC-3448-XY-OZH;VLC;GRO;advanced condition failed
XY-MBJ;21-09-2015;21-09-2015;21-09-2015;21-09-2015;false;;210915-XRY-FCO-5445-XY-MBJ;FCO;XRY;advanced condition failed
XY-ZWJ;02-07-2016;02-07-2016;02-07-2016;02-07-2016;false;;020716-MST-LEI-8494-XY-ZWJ;LEI;MST;advanced condition failed
XY-YTM;17-03-2012;17-03-2012;17-03-2012;17-03-2012;false;;170312-PRG-NRN-1274-XY-YTM;NRN;PRG;advanced condition failed
XY-YAZ;02-03-2013;02-03-2013;02-03-2013;02-03-2013;false;;020313-TLS-EDI-6263-XY-YAZ;EDI;TLS;advanced condition failed
XY-MBJ;01-08-2011;01-08-2011;01-08-2011;01-08-2011;false;;010811-BFS-BOJ-2516-XY-MBJ;BOJ;BFS;advanced condition failed
XY-NMY;16-01-2012;16-01-2012;16-01-2012;16-01-2012;false;;160112-RTM-BER-2488-XY-NMY;BER;RTM;advanced condition failed
XY-YAZ;26-02-2015;26-02-2015;26-02-2015;26-02-2015;false;;260215-FSC-BGY-5321-XY-YAZ;BGY;FSC;advanced condition failed
XY-PZC;25-06-2012;25-06-2012;25-06-2012;25-06-2012;false;;250612-HUY-OST-9729-XY-PZC;OST;HUY;advanced condition failed
XY-MBJ;22-12-2014;22-12-2014;22-12-2014;22-12-2014;false;;221214-CIA-GYD-4284-XY-MBJ;GYD;CIA;advanced condition failed
XY-IOO;26-11-2013;26-11-2013;26-11-2013;26-11-2013;false;;261113-KRK-CWL-9544-XY-IOO;CWL;KRK;advanced condition failed
XY-LYP;05-01-2015;05-01-2015;05-01-2015;05-01-2015;false;;050115-BRU-TOS-9924-XY-LYP;TOS;BRU;advanced condition failed
XY-FBA;23-07-2016;23-07-2016;23-07-2016;23-07-2016;false;;230716-LPA-CHQ-9645-XY-FBA;CHQ;LPA;advanced condition failed
XY-ALV;13-07-2013;13-07-2013;13-07-2013;13-07-2013;false;65;130713-LPL-BIO-7158-XY-ALV;BIO;LPL;advanced condition failed
XY-YAZ;14-08-2014;14-08-2014;14-08-2014;14-08-2014;false;;140814-EDI-ARN-4413-XY-YAZ;ARN;EDI;advanced condition failed
XY-MBJ;24-01-2010;24-01-2010;24-01-2010;24-01-2010;false;23;240110-SDR-KRK-4416-XY-MBJ;KRK;SDR;advanced condition failed
XY-YTM;18-03-2013;18-03-2013;18-03-2013;18-03-2013;false;22;180313-EGC-SVX-3767-XY-YTM;SVX;EGC;advanced condition failed
XY-ZDY;11-09-2015;11-09-2015;11-09-2015;11-09-2015;false;08;110915-TFN-NUE-2422-XY-ZDY;NUE;TFN;advanced condition failed
XY-NMY;27-09-2010;27-09-2010;27-09-2010;27-09-2010;false;07;270910-LTN-PMI-6591-XY-NMY;PMI;LTN;advanced condition failed
XY-OZH;17-10-2011;17-10-2011;17-10-2011;17-10-2011;false;14;171011-BOJ-AJA-1677-XY-OZH;AJA;BOJ;advanced condition failed
XY-ZWJ;13-08-2010;13-08-2010;13-08-2010;13-08-2010;false;69;130810-TRD-OUL-2279-XY-ZWJ;OUL;TRD;advanced condition failed
XY-LQZ;10-12-2013;10-12-2013;10-12-2013;10-12-2013;false;06;101213-TSF-BRE-8695-XY-LQZ;BRE;TSF;advanced condition failed
XY-OFW;13-11-2014;13-11-2014;13-11-2014;13-11-2014;false;99;131114-ZRH-EIN-6749-XY-OFW;EIN;ZRH;advanced condition failed
XY-ALV;10-05-2014;10-05-2014;10-05-2014;10-05-2014;false;83;100514-KGS-GOT-9465-XY-ALV;GOT;KGS;advanced condition failed
XY-IOO;19-05-2013;19-05-2013;19-05-2013;19-05-2013;false;76;190513-WAW-PDL-5844-XY-IOO;PDL;WAW;advanced condition failed
XY-ZMF;22-08-2014;22-08-2014;22-08-2014;22-08-2014;false;31;220814-PDL-KIV-1414-XY-ZMF;KIV;PDL;advanced condition failed
XY-LYP;01-11-2010;01-11-2010;01-11-2010;01-11-2010;false;38;011110-MSQ-CIA-1447-XY-LYP;CIA;MSQ;advanced condition failed
XY-OFW;20-05-2011;20-05-2011;20-05-2011;20-05-2011;false;51;200511-GDN-VRN-3383-XY-OFW;VRN;GDN;advanced condition failed
XY-OZH;20-03-2013;20-03-2013;20-03-2013;20-03-2013;false;67;200313-BES-CWL-8538-XY-OZH;CWL;BES;advanced condition failed
XY-IWX;14-06-2015;14-06-2015;14-06-2015;14-06-2015;false;82;140615-CRL-LPA-9568-XY-IWX;LPA;CRL;advanced condition failed
XY-ZDY;19-03-2011;19-03-2011;19-03-2011;19-03-2011;false;58;190311-DRS-VLC-5438-XY-ZDY;VLC;DRS;advanced condition failed
XY-OHF;21-04-2013;21-04-2013;21-04-2013;21-04-2013;false;28;210413-ZAG-JTR-1336-XY-OHF;JTR;ZAG;advanced condition failed
XY-OHF;02-01-2016;02-01-2016;02-01-2016;02-01-2016;false;86;020116-CIY-PSA-6868-XY-OHF;PSA;CIY;advanced condition failed
XY-OFW;04-04-2013;04-04-2013;04-04-2013;04-04-2013;false;66;040413-DME-LPL-3171-XY-OFW;LPL;DME;advanced condition failed
XY-IWX;28-07-2014;28-07-2014;28-07-2014;28-07-2014;false;16;280714-BOO-AYT-9427-XY-IWX;AYT;BOO;advanced condition failed
XY-NHZ;28-11-2013;28-11-2013;28-11-2013;28-11-2013;false;33;281113-ALA-PAD-6339-XY-NHZ;PAD;ALA;advanced condition failed
XY-NMY;10-01-2012;10-01-2012;10-01-2012;10-01-2012;false;75;100112-BTS-RUN-8164-XY-NMY;RUN;BTS;advanced condition failed
XY-ZDY;14-07-2016;14-07-2016;14-07-2016;14-07-2016;false;38;140716-BIO-HAU-7313-XY-ZDY;HAU;BIO;advanced condition failed
XY-YAZ;03-08-2013;03-08-2013;03-08-2013;03-08-2013;false;77;030813-LUX-AAL-5242-XY-YAZ;AAL;LUX;advanced condition failed
XY-OFW;20-10-2013;20-10-2013;20-10-2013;20-10-2013;false;35;201013-BJV-KEF-6893-XY-OFW;KEF;BJV;advanced condition failed
XY-CMJ;07-08-2012;08-08-2012;08-08-2012;08-08-2012;false;19;070812-BTS-KRS-8718-XY-CMJ;KRS;BTS;advanced condition failed
XY-ZMF;15-05-2012;15-05-2012;15-05-2012;15-05-2012;false;;150512-PFO-GDN-3725-XY-ZMF;GDN;PFO;advanced condition failed
XY-ZMF;10-03-2015;10-03-2015;10-03-2015;10-03-2015;false;;100315-SZG-RIX-5339-XY-ZMF;RIX;SZG;advanced condition failed
XY-OZH;17-06-2010;17-06-2010;17-06-2010;17-06-2010;false;;170610-FAE-VLC-7169-XY-OZH;VLC;FAE;advanced condition failed
XY-NMY;25-04-2016;25-04-2016;26-04-2016;25-04-2016;false;;250416-PSR-LCY-7697-XY-NMY;LCY;PSR;advanced condition failed
XY-YAZ;17-04-2012;17-04-2012;17-04-2012;17-04-2012;false;46;170412-SOU-LUX-4226-XY-YAZ;LUX;SOU;advanced condition failed
